-- MySQL dump 10.13  Distrib 8.0.33, for macos13.3 (x86_64)
--
-- Host: 127.0.0.1    Database: manland
-- ------------------------------------------------------
-- Server version	11.0.2-MariaDB-1:11.0.2+maria~ubu2204

/*!40101 SET @OLD_CHARACTER_SET_CLIENT=@@CHARACTER_SET_CLIENT */;
/*!40101 SET @OLD_CHARACTER_SET_RESULTS=@@CHARACTER_SET_RESULTS */;
/*!40101 SET @OLD_COLLATION_CONNECTION=@@COLLATION_CONNECTION */;
/*!50503 SET NAMES utf8mb4 */;
/*!40103 SET @OLD_TIME_ZONE=@@TIME_ZONE */;
/*!40103 SET TIME_ZONE='+00:00' */;
/*!40014 SET @OLD_UNIQUE_CHECKS=@@UNIQUE_CHECKS, UNIQUE_CHECKS=0 */;
/*!40014 SET @OLD_FOREIGN_KEY_CHECKS=@@FOREIGN_KEY_CHECKS, FOREIGN_KEY_CHECKS=0 */;
/*!40101 SET @OLD_SQL_MODE=@@SQL_MODE, SQL_MODE='NO_AUTO_VALUE_ON_ZERO' */;
/*!40111 SET @OLD_SQL_NOTES=@@SQL_NOTES, SQL_NOTES=0 */;

--
-- Current Database: `manland`
--

CREATE DATABASE /*!32312 IF NOT EXISTS*/ `manland` /*!40100 DEFAULT CHARACTER SET utf8mb4 COLLATE utf8mb4_general_ci */;

USE `manland`;

--
-- Table structure for table `category`
--

DROP TABLE IF EXISTS `category`;
/*!40101 SET @saved_cs_client     = @@character_set_client */;
/*!50503 SET character_set_client = utf8mb4 */;
CREATE TABLE `category` (
  `id` bigint(20) unsigned NOT NULL AUTO_INCREMENT,
  `cate_name` varchar(100) NOT NULL,
  `cate_sort` int(11) NOT NULL DEFAULT 1,
  `cate_desc` varchar(100) DEFAULT NULL,
  `del_flag` int(11) NOT NULL DEFAULT 0,
  `create_by` varchar(20) DEFAULT NULL,
  `create_time` datetime NOT NULL DEFAULT current_timestamp() COMMENT '创建时间',
  `update_by` varchar(20) DEFAULT NULL,
  `update_time` datetime DEFAULT current_timestamp() ON UPDATE current_timestamp() COMMENT '创建时间',
  PRIMARY KEY (`id`) USING BTREE
) ENGINE=InnoDB AUTO_INCREMENT=3 DEFAULT CHARSET=utf8mb4 COLLATE=utf8mb4_general_ci;
/*!40101 SET character_set_client = @saved_cs_client */;

--
-- Dumping data for table `category`
--

LOCK TABLES `category` WRITE;
/*!40000 ALTER TABLE `category` DISABLE KEYS */;
INSERT INTO `category` VALUES (1,'整租',1,'整租',0,'admin','2022-06-01 11:00:16','admin','2022-06-09 02:00:47'),(2,'合租',1,'合租',0,'admin','2022-06-01 11:00:16','admin','2022-06-09 02:00:52');
/*!40000 ALTER TABLE `category` ENABLE KEYS */;
UNLOCK TABLES;

--
-- Table structure for table `city`
--

DROP TABLE IF EXISTS `city`;
/*!40101 SET @saved_cs_client     = @@character_set_client */;
/*!50503 SET character_set_client = utf8mb4 */;
CREATE TABLE `city` (
  `id` bigint(20) unsigned NOT NULL AUTO_INCREMENT,
  `city_name` varchar(100) NOT NULL,
  `del_flag` int(11) NOT NULL DEFAULT 0,
  `create_by` varchar(20) DEFAULT NULL,
  `create_time` datetime NOT NULL DEFAULT current_timestamp() COMMENT '创建时间',
  `update_by` varchar(20) DEFAULT NULL,
  `update_time` datetime DEFAULT current_timestamp() ON UPDATE current_timestamp() COMMENT '创建时间',
  PRIMARY KEY (`id`) USING BTREE
) ENGINE=InnoDB AUTO_INCREMENT=11 DEFAULT CHARSET=utf8mb4 COLLATE=utf8mb4_general_ci;
/*!40101 SET character_set_client = @saved_cs_client */;

--
-- Dumping data for table `city`
--

LOCK TABLES `city` WRITE;
/*!40000 ALTER TABLE `city` DISABLE KEYS */;
INSERT INTO `city` VALUES (1,'西安',0,'admin','2022-06-01 11:00:16','admin','2022-06-09 08:48:38'),(2,'上海',0,'admin','2022-06-01 11:00:16','admin','2022-06-09 01:59:55'),(3,'广州',0,'admin','2022-06-01 11:00:16','admin','2022-06-09 02:00:00'),(4,'深圳',0,'admin','2022-06-01 11:00:16','admin','2022-06-09 02:00:05'),(5,'杭州',0,'admin','2022-06-01 11:00:16','admin','2022-06-09 02:00:10'),(6,'武汉',0,'admin','2022-06-02 11:00:16','admin','2022-06-09 02:00:15'),(7,'长沙',0,'admin','2022-06-02 15:53:17','admin','2022-06-09 02:00:20'),(8,'大连',0,'admin','2022-06-02 15:53:22','admin','2022-06-09 02:00:26'),(9,'厦门',0,'admin','2022-06-03 15:53:30','admin','2022-06-09 02:00:33'),(10,'南京',0,'admin','2022-06-03 15:53:44','admin','2022-06-09 02:00:38');
/*!40000 ALTER TABLE `city` ENABLE KEYS */;
UNLOCK TABLES;

--
-- Table structure for table `finance_record`
--

DROP TABLE IF EXISTS `finance_record`;
/*!40101 SET @saved_cs_client     = @@character_set_client */;
/*!50503 SET character_set_client = utf8mb4 */;
CREATE TABLE `finance_record` (
  `id` bigint(20) unsigned NOT NULL AUTO_INCREMENT COMMENT 'ID',
  `create_time` datetime NOT NULL DEFAULT current_timestamp() COMMENT '创建时间',
  `update_time` datetime NOT NULL DEFAULT current_timestamp() ON UPDATE current_timestamp() COMMENT '更新时间',
  `create_by` varchar(255) DEFAULT 'admin' COMMENT '创建人',
  `update_by` varchar(255) DEFAULT 'admin' COMMENT '更新人',
  `del_flag` int(11) DEFAULT 0 COMMENT '删除标志',
  `user_id` bigint(20) NOT NULL COMMENT '用户ID',
  `money` int(11) NOT NULL COMMENT '金额',
  `type` varchar(100) DEFAULT NULL COMMENT '类型：租金收入/押金收入/租金退回收入/押金退回收入',
  `content` varchar(255) DEFAULT NULL COMMENT '描述内容',
  PRIMARY KEY (`id`) USING BTREE
) ENGINE=InnoDB AUTO_INCREMENT=33 DEFAULT CHARSET=utf8mb4 COLLATE=utf8mb4_general_ci;
/*!40101 SET character_set_client = @saved_cs_client */;

--
-- Dumping data for table `finance_record`
--

LOCK TABLES `finance_record` WRITE;
/*!40000 ALTER TABLE `finance_record` DISABLE KEYS */;
INSERT INTO `finance_record` VALUES (1,'2022-06-01 21:55:35','2022-06-09 01:57:44','admin','admin',0,9,-355400,'房租支出(包括押金)','房屋总金额349400,押金6000,订单ID:1'),(2,'2022-06-01 21:55:35','2022-06-09 01:57:54','admin','admin',0,5,355400,'房租收入(包括押金)','房屋总金额349400,押金6000,订单ID:1'),(3,'2022-06-02 22:21:51','2022-06-09 01:57:59','admin','admin',0,2,-114400,'房租支出(包括押金)','房屋总金额108400,押金6000,订单ID:2'),(4,'2022-06-02 22:21:51','2022-06-09 01:58:04','admin','admin',0,5,114400,'房租收入(包括押金)','房屋总金额108400,押金6000,订单ID:2'),(5,'2022-06-02 22:22:33','2022-06-09 01:58:09','admin','admin',0,2,-143800,'房租支出(包括押金)','房屋总金额137800,押金6000,订单ID:3'),(6,'2022-06-02 22:22:33','2022-06-09 01:58:15','admin','admin',0,5,143800,'房租收入(包括押金)','房屋总金额137800,押金6000,订单ID:3'),(7,'2022-06-02 22:28:07','2022-06-09 01:58:21','admin','admin',0,2,-38600,'房租支出(包括押金)','房屋总金额32600,押金6000,订单ID:4'),(8,'2022-06-02 22:28:07','2022-06-09 01:58:25','admin','admin',0,5,38600,'房租收入(包括押金)','房屋总金额32600,押金6000,订单ID:4'),(9,'2022-06-02 22:30:31','2022-06-09 01:58:31','admin','admin',0,2,38600,'房租退回收入(包括押金)','包括租金退回32600,押金6000,订单ID:4'),(10,'2022-06-02 22:30:31','2022-06-09 01:58:35','admin','admin',0,5,-38600,'房租退回支出(包括租金)','包括租金退回32600,押金6000,订单ID:4'),(11,'2022-06-03 00:31:15','2022-06-09 01:58:40','admin','admin',0,2,-12000,'房租支出(包括押金)','房屋总金额6000,押金6000,订单ID:5'),(12,'2022-06-03 00:31:15','2022-06-09 01:58:44','admin','admin',0,5,12000,'房租收入(包括押金)','房屋总金额6000,押金6000,订单ID:5'),(13,'2022-06-03 20:30:51','2022-06-09 01:58:50','admin','admin',0,2,12000,'押金退回收入','押金6000,订单ID:5'),(14,'2022-06-03 20:30:51','2022-06-09 01:58:55','admin','admin',0,5,-12000,'押金退回支出','押金6000,订单ID:5'),(15,'2022-06-03 11:42:42','2022-06-09 01:58:59','admin','admin',0,2,-15200,'房租支出(包括押金)','房屋总金额9200,押金6000,订单ID:6'),(16,'2022-06-03 11:42:42','2022-06-09 01:59:04','admin','admin',0,10,15200,'房租收入(包括押金)','房屋总金额9200,押金6000,订单ID:6'),(17,'2022-06-04 12:17:20','2022-06-09 01:59:23','admin','admin',0,2,-6952,'房租支出(包括押金)','房屋总金额4582,押金2370,订单ID:7'),(18,'2022-06-05 12:17:20','2022-06-09 01:59:29','admin','admin',0,4,6952,'房租收入(包括押金)','房屋总金额4582,押金2370,订单ID:7'),(19,'2022-06-09 09:21:54','2022-06-09 09:21:53','admin','admin',0,11,-18000,'房租支出(包括押金)','房屋总金额12000,押金6000,订单ID:8'),(20,'2022-06-09 09:21:54','2022-06-09 09:21:53','admin','admin',0,10,18000,'房租收入(包括押金)','房屋总金额12000,押金6000,订单ID:8'),(21,'2022-06-09 10:43:28','2022-06-09 10:43:27','admin','admin',0,1,-14200,'房租支出(包括押金)','房屋总金额8200,押金6000,订单ID:9'),(22,'2022-06-09 10:43:28','2022-06-09 10:43:27','admin','admin',0,5,14200,'房租收入(包括押金)','房屋总金额8200,押金6000,订单ID:9'),(23,'2022-06-09 11:33:26','2022-06-09 11:33:25','admin','admin',0,1,-17200,'房租支出(包括押金)','房屋总金额11200,押金6000,订单ID:10'),(24,'2022-06-09 11:33:26','2022-06-09 11:33:25','admin','admin',0,5,17200,'房租收入(包括押金)','房屋总金额11200,押金6000,订单ID:10'),(25,'2023-06-14 14:53:20','2023-06-14 06:53:20','admin','admin',0,2,108200,'押金退回收入','押金6000,订单ID:2'),(26,'2023-06-14 14:53:20','2023-06-14 06:53:20','admin','admin',0,5,-108200,'押金退回支出','押金6000,订单ID:2'),(27,'2023-06-14 14:53:20','2023-06-14 06:53:20','admin','admin',0,2,6000,'押金退回收入','押金6000,订单ID:3'),(28,'2023-06-14 14:53:20','2023-06-14 06:53:20','admin','admin',0,5,-6000,'押金退回支出','押金6000,订单ID:3'),(29,'2023-06-14 14:53:21','2023-06-14 06:53:21','admin','admin',0,1,6000,'押金退回收入','押金6000,订单ID:9'),(30,'2023-06-14 14:53:21','2023-06-14 06:53:21','admin','admin',0,5,-6000,'押金退回支出','押金6000,订单ID:9'),(31,'2023-06-14 14:53:21','2023-06-14 06:53:21','admin','admin',0,1,6000,'押金退回收入','押金6000,订单ID:10'),(32,'2023-06-14 14:53:21','2023-06-14 06:53:21','admin','admin',0,5,-6000,'押金退回支出','押金6000,订单ID:10');
/*!40000 ALTER TABLE `finance_record` ENABLE KEYS */;
UNLOCK TABLES;

--
-- Table structure for table `notice`
--

DROP TABLE IF EXISTS `notice`;
/*!40101 SET @saved_cs_client     = @@character_set_client */;
/*!50503 SET character_set_client = utf8mb4 */;
CREATE TABLE `notice` (
  `id` bigint(20) unsigned NOT NULL AUTO_INCREMENT,
  `del_flag` int(11) NOT NULL DEFAULT 0,
  `create_by` varchar(20) DEFAULT NULL,
  `create_time` datetime NOT NULL DEFAULT current_timestamp() COMMENT '创建时间',
  `update_by` varchar(20) DEFAULT NULL,
  `update_time` datetime DEFAULT current_timestamp() ON UPDATE current_timestamp() COMMENT '创建时间',
  `title` varchar(255) DEFAULT NULL,
  `content` text DEFAULT NULL,
  `summary` varchar(1000) DEFAULT NULL,
  PRIMARY KEY (`id`) USING BTREE
) ENGINE=InnoDB AUTO_INCREMENT=5 DEFAULT CHARSET=utf8mb4 COLLATE=utf8mb4_general_ci;
/*!40101 SET character_set_client = @saved_cs_client */;

--
-- Dumping data for table `notice`
--

LOCK TABLES `notice` WRITE;
/*!40000 ALTER TABLE `notice` DISABLE KEYS */;
INSERT INTO `notice` VALUES (1,0,NULL,'2022-06-01 16:46:19',NULL,'2022-06-09 01:56:52','房东出租注意事项','<p>很多房东认为，只要房子租给别人了，就可以坐等收租金了。房子出租后，房客和房屋出什么问题与自己无关，其实这是大家的一个误区。那么房屋出租要注意什么？怎么做房东才可以放心地把房子租给别人住？如何才能维护自身利益，更好地做好租房这比生意？今天在这里和各位房东一起分享下出租房子的注意事项，希望对大家有用。</p><p>房东出租房注意事项</p><p>对房客进行筛选尽量将房子租给有正当职业、有修养的人。</p><p>房东要核实房客身份房东在出租房屋时应对租房人的身份加以核实，主要包括身份证、护照、驾驶证等相关证件的核查，同时要访问租房者的姓名、工作、居住人数、用途等情况，并且留下身份证的复印件。必要时到其单位看一下，是否真有其人，或到派出所查验一下，避免案犯入住。</p><p>出租押金可以多要一些押金。一般来说，我们签署合同时，都是留房客一个月的房租作为押金。如果租金是1000/月，押金就留1000。当然，如果房子是新装修的、新家电，也可以适当的多留一些。</p><p>避免房租各项费用的拖欠让房客保留交纳水、电、暖、煤气、有线电视、宽带、电话费用的收据，避免各项欠费。</p><p>房东多回访房客房东要经常和房客保持联系，经常打电话询问房屋的情况，并定期看看房屋的基本概况。可间隔一段时间到出租房屋内看看，以了解房屋的居住情况，也可对房屋内设施的使用有所了解。</p><p>经常了解一下邻居的反映避免发生损害邻居的利益或是有违公共道德的事情。</p><p>最后，各位房东还要了解的一点是房屋的长租赁期限不能超过20年，否则超过的部分无效。相信有了这些知识，您能够更安心地做好租房这比生意。</p>','很多房东认为，只要房子租给别人了，就可以坐等收租金了。房子出租后，房客和房屋出什么问题与自己无关，其实这是大家的一个误区。那么房屋出租要注意什么？怎么做房东才可以放心地把房子租给别人住？如何才能维护自'),(2,0,NULL,'2022-06-03 16:49:23',NULL,'2022-06-09 01:56:59','租房子要注意什么？要交物业费吗？','<p>现在的年轻人在大城市打拼不易，越来越多人都承担不起买房的费用，所以更多倾向于租房子。但是租房子也面临着很多问题。比如，租房子要注意什么，要交物业费吗？租房前的准备有哪些呢？接下来，小编为您一一解答这些问题。</p><h2>一、租房子要注意什么</h2><p>１、租房时应让房东出示原件、户口本原件和原件，如果房产证在办理过程中，那应出示与原产权单位签署的购房合同，如果是帮别人出租房屋，那要出租委托书、委托人的房产证、身份证复印件。</p><p>２、签订租赁合同时，要注明租约期满后多少个工作日内，房屋及设施无毁损的情况下，业主应退还押金。当然，租房人应当爱护屋内设施，不要终授人以柄。</p><h2>二、要交物业费吗</h2><p><br></p><p>如果房屋租赁合同里什么也没说，租房物业费就由出租人来交，但是如果双方在合同中约定由承租人交，那么承租人就得按照合同向物业管理公司交物业管理费了。</p><p>参考法条：国务院《物业管理条例》第六十七条。《合同法》第六十条。</p><p>如果出租人和承租人在合同中约定，由承租人向物业公司缴纳物业费，遵守物业公司的相关管理规定，并且该合同经过了物业公司的书面确认，那么出租人就将其与物业公司的债权债务转让给了承租人，承租人应当向物业公司履行这部分权利义务。如果承租人没有付物业费，就应向物业公司承担违约责任。</p><p>参考法条：《合同法》第八十八条。</p><p>三、租房前的准备有哪些呢？</p><p>首先，租房预算：一般来说一线城市单人房租预算公式是：房租&le;你税后工资的１／３，水电网煤一般再加100。其次，目标地段：这受公司位置影响，通勤时间越短越好。要么你家近到可以步行／骑行上班，要么就选择在交通沿线上，尽量少换乘或不换乘，一般来说40分钟以内的通勤时间是比较理想的。最后，住房需求：写得越具体越好，分清哪些需求是硬性指标、哪些只是加分项，这会大大提高你后面找房子的效率。实地看房后，你还要不断根据现实调整期望值，在有限预算内做出取舍。</p><p>以上就是小编为大家整理的有关租房子要注意什么，要交物业费吗的相关法律知识。综上所述，如果房屋租赁合同里什么也没说，租房物业费就由出租人来交，但是如果双方在合同中约定由承租人交，那么承租人就得按照合同向物业管理公司交物业管理费了。</p>','现在的年轻人在大城市打拼不易，越来越多人都承担不起买房的费用，所以更多倾向于租房子。但是租房子也面临着很多问题。比如，租房子要注意什么，要交物业费吗？租房前的准备有哪些呢？接下来，小编为您一一解答这些'),(3,0,NULL,'2022-06-04 15:31:34',NULL,'2022-06-09 01:57:07','222','222','222'),(4,0,NULL,'2022-06-09 01:55:45',NULL,'2022-06-09 01:55:45','测试','<p>哈哈哈</p>','哈哈哈');
/*!40000 ALTER TABLE `notice` ENABLE KEYS */;
UNLOCK TABLES;

--
-- Table structure for table `permission`
--

DROP TABLE IF EXISTS `permission`;
/*!40101 SET @saved_cs_client     = @@character_set_client */;
/*!50503 SET character_set_client = utf8mb4 */;
CREATE TABLE `permission` (
  `id` bigint(20) NOT NULL AUTO_INCREMENT,
  `name` varchar(255) NOT NULL,
  `url` varchar(200) NOT NULL,
  `resource_type` varchar(255) NOT NULL,
  `pid` bigint(20) NOT NULL,
  `icon` varchar(255) DEFAULT NULL,
  `del_flag` int(11) DEFAULT 0,
  `create_by` varchar(20) NOT NULL DEFAULT 'admin',
  `create_time` datetime DEFAULT current_timestamp() COMMENT '创建时间',
  `update_by` varchar(20) DEFAULT 'admin',
  `update_time` datetime NOT NULL DEFAULT current_timestamp() ON UPDATE current_timestamp() COMMENT '更新时间',
  `sort` double(11,0) DEFAULT 1,
  `target` varchar(20) DEFAULT '_self',
  PRIMARY KEY (`id`) USING BTREE
) ENGINE=InnoDB AUTO_INCREMENT=334 DEFAULT CHARSET=utf8mb4 COLLATE=utf8mb4_general_ci;
/*!40101 SET character_set_client = @saved_cs_client */;

--
-- Dumping data for table `permission`
--

LOCK TABLES `permission` WRITE;
/*!40000 ALTER TABLE `permission` DISABLE KEYS */;
INSERT INTO `permission` VALUES (1,'首页','/admin','menu',0,'fa fa-dashboard',0,'admin','2022-06-01 20:22:36','admin','2022-06-09 02:01:31',1,'_self'),(6,'获得侧边栏菜单','/admin/currentMenus','button',1,'',0,'admin','2022-06-01 20:22:36','admin','2022-06-09 02:01:35',6,'_self'),(70,'用户管理','/admin/user','menu',0,'fa fa-users',0,'admin','2022-06-01 20:22:36','admin','2022-06-09 02:01:40',90,'_self'),(73,'用户保存','/admin/user/save','button',70,NULL,0,'admin','2022-06-01 20:22:36','admin','2022-06-09 02:01:44',73,'_self'),(74,'删除用户','/admin/user/delete','button',70,NULL,0,'admin','2022-06-01 20:22:36','admin','2022-06-09 02:01:49',74,'_self'),(75,'批量删除用户','/admin/user/batchDelete','button',70,NULL,0,'admin','2022-06-01 20:22:36','admin','2022-06-09 02:01:53',75,'_self'),(76,'编辑用户','/admin/user/edit','button',70,'',0,'admin','2022-06-01 20:22:36','admin','2022-06-09 02:01:57',76,'_self'),(82,'保存个人信息','/admin/user/profile/save','button',120,'',0,'admin','2022-06-01 20:22:36','admin','2022-06-09 02:02:02',82,'_self'),(83,'修改密码','/admin/user/changePass','button',120,'',0,'admin','2022-06-01 20:22:36','admin','2022-06-09 02:02:08',83,'_self'),(91,'角色管理','/admin/role','menu',0,'fa fa-snowflake-o',0,'admin','2022-06-01 20:22:36','admin','2022-06-09 02:02:12',91,'_self'),(92,'保存角色','/admin/role/save','button',91,'',0,'admin','2022-06-01 20:22:36','admin','2022-06-09 02:02:18',92,'_self'),(93,'编辑角色','/admin/role/edit','page',91,'',0,'admin','2022-06-01 20:22:36','admin','2022-06-09 02:02:25',93,'_self'),(94,'删除角色','/admin/role/delete','button',91,'',0,'admin','2022-06-01 20:22:36','admin','2022-06-09 02:02:30',94,'_self'),(95,'权限管理','/admin/permission','menu',0,'fa fa-podcast',0,'admin','2022-06-01 20:22:36','admin','2022-06-09 02:02:33',95,'_self'),(96,'保存权限','/admin/permission/save','button',95,'',0,'admin','2022-06-01 20:22:36','admin','2022-06-09 02:02:37',96,'_self'),(97,'编辑权限','/admin/permission/edit','page',95,'',0,'admin','2022-06-01 20:22:36','admin','2022-06-09 02:02:41',97,'_self'),(98,'删除权限','/admin/permission/delete','button',95,'',0,'admin','2022-06-01 20:22:36','admin','2022-06-09 02:02:45',98,'_self'),(106,'获得当前登录用户信息接口','/admin/currentUser','button',1,'',0,'admin','2022-06-01 10:26:13','admin','2022-06-09 02:02:51',1,'_self'),(110,'添加权限','/admin/permission/new','menu',95,'fa fa-circle-o',0,'admin','2022-06-01 23:14:11','admin','2022-06-09 02:02:56',1,'_self'),(111,'添加角色','/admin/role/new','menu',91,'fa fa-circle-o',0,'admin','2022-06-01 23:19:05','admin','2022-06-09 02:03:01',1,'_self'),(120,'个人信息','/admin/user/profile','menu',0,'fa fa-user',0,'admin','2022-06-01 23:38:51','admin','2022-06-09 02:03:10',90,'_self'),(127,'角色列表','/admin/role','menu',91,'fa fa-circle-o',0,'admin','2022-06-01 19:20:54','admin','2022-06-09 02:03:25',0,'_self'),(128,'权限列表','/admin/permission','menu',95,'fa fa-circle-o',0,'admin','2022-06-01 19:21:16','admin','2022-06-09 02:03:29',0,'_self'),(132,'新增房屋','/admin/post/new','page',308,'fa fa-circle-o',0,'admin','2022-06-01 19:39:34','admin','2022-06-09 02:03:35',9,'_self'),(137,'租房类型管理','/admin/category','menu',0,'fa fa-book',0,'admin','2022-06-01 20:00:57','admin','2022-06-09 02:03:39',2,'_self'),(140,'删除房屋','/admin/post/delete','button',308,'',0,'admin','2022-06-01 15:02:20','admin','2022-06-09 02:03:44',1,'_self'),(141,'批量删除房屋','/admin/post/batchDelete','button',308,'',0,'admin','2022-06-01 15:03:02','admin','2022-06-09 02:03:47',1,'_self'),(142,'编辑房屋信息','/admin/post/edit','page',308,'',0,'admin','2022-06-01 15:03:49','admin','2022-06-09 02:03:52',1,'_self'),(143,'保存房屋','/admin/post/save','button',132,'',0,'admin','2022-06-01 15:04:42','admin','2022-06-09 02:03:56',1,'_self'),(144,'还原房屋','/admin/post/revert','button',308,'',0,'admin','2022-06-01 15:05:23','admin','2022-06-09 02:04:00',1,'_self'),(145,'移到回收站','/admin/post/throw','button',308,'',0,'admin','2022-06-01 15:07:01','admin','2022-06-09 02:04:05',1,'_self'),(146,'文件上传','/admin/file/upload','button',132,'',0,'admin','2022-06-01 17:53:01','admin','2022-06-09 02:04:09',1,'_self'),(147,'保存类型','/admin/category/save','button',137,'',0,'admin','2022-06-01 18:51:48','admin','2022-06-09 02:04:14',1,'_self'),(148,'编辑类型','/admin/category/edit','button',137,'',0,'admin','2022-06-01 18:52:27','admin','2022-06-09 02:04:18',1,'_self'),(149,'删除类型','/admin/category/delete','button',137,'',0,'admin','2022-06-01 18:54:13','admin','2022-06-09 02:04:22',1,'_self'),(169,'获得当前登录用户角色接口','/admin/currentRole','button',1,'',0,'admin','2022-06-01 23:02:23','admin','2022-06-09 02:04:26',1,'_self'),(171,'用户资料','/admin/user/info','page',1,'',0,'admin','2022-06-01 09:59:06','admin','2022-06-09 02:04:31',1,'_self'),(200,'用户文件上传','/admin/file/upload','button',120,'',0,'admin','2022-06-01 09:59:26','admin','2022-06-09 02:04:35',1,'_self'),(308,'房屋管理','/admin/post','menu',0,'fa fa-paint-brush',0,'admin','2022-06-01 11:01:48','admin','2022-06-09 02:04:44',1,'_self'),(312,'公告管理','/admin/notice','menu',0,'fa fa-newspaper-o',0,'admin','2022-06-01 15:58:30','admin','2022-06-09 02:04:52',90,'_self'),(313,'新增公告页面','/admin/notice/new','page',312,'',0,'admin','2022-06-01 15:59:05','admin','2022-06-09 02:04:56',1,'_self'),(314,'发布公告','/admin/notice/save','button',312,'',0,'admin','2022-06-01 15:59:23','admin','2022-06-09 02:05:01',1,'_self'),(315,'编辑公告页面','/admin/notice/edit','page',312,'',0,'admin','2022-06-01 15:59:49','admin','2022-06-09 02:05:05',1,'_self'),(316,'删除公告','/admin/notice/delete','button',312,'',0,'admin','2022-06-01 16:00:09','admin','2022-06-09 02:05:09',1,'_self'),(317,'添加用户','/admin/user/new','button',70,'',0,'admin','2022-06-01 14:09:28','admin','2022-06-09 02:05:13',1,'_self'),(318,'订单管理','/admin/order','menu',0,'fa fa-database',0,'admin','2022-06-01 18:32:46','admin','2022-06-09 02:05:19',30,'_self'),(319,'取消订单','/admin/order/cancel','button',318,'',0,'admin','2022-06-01 19:22:36','admin','2022-06-09 02:05:23',1,'_self'),(320,'支付订单','/admin/order/pay','button',318,'',0,'admin','2022-06-01 19:22:48','admin','2022-06-09 02:05:26',1,'_self'),(321,'退租申请','/admin/order/offLeaseApply','button',318,'',0,'admin','2022-06-01 19:23:31','admin','2022-06-09 02:05:31',1,'_self'),(322,'退租申请通过','/admin/order/offLeaseApplyPass','button',318,'',0,'admin','2022-06-01 19:25:05','admin','2022-06-09 02:05:35',1,'_self'),(323,'退租申请驳回','/admin/order/offLeaseApplyReject','button',318,'',0,'admin','2022-06-01 19:25:36','admin','2022-06-09 02:05:41',1,'_self'),(324,'订单合同查看','/order/agreement','button',318,'',0,'admin','2022-06-01 19:26:01','admin','2022-06-09 02:05:45',1,'_self'),(325,'合同下载','/order/agreement/download','button',318,'',0,'admin','2022-06-01 19:26:32','admin','2022-06-09 02:05:50',1,'_self'),(326,'订单创建','/order/create','button',318,'',0,'admin','2022-06-01 19:27:20','admin','2022-06-09 02:05:53',1,'_self'),(327,'收支明细','/admin/financeRecord','menu',0,'fa fa-dollar',0,'admin','2022-06-01 19:28:34','admin','2022-06-09 02:05:58',80,'_self'),(328,'举报管理','/admin/report','menu',0,'fa fa-warning',0,'admin','2022-06-01 21:51:47','admin','2022-06-09 02:06:03',40,'_self'),(329,'删除举报','/admin/report/delete','button',328,'',0,'admin','2022-06-01 21:53:38','admin','2022-06-09 02:06:07',1,'_self'),(330,'审核举报','/admin/report/examine','button',328,'',0,'admin','2022-06-01 21:54:24','admin','2022-06-09 02:06:12',1,'_self'),(331,'举报详情','/admin/report/info','button',328,'',0,'admin','2022-06-01 21:55:20','admin','2022-06-09 02:06:17',1,'_self'),(332,'统计面板-1','/admin/analysis/categorys','button',1,NULL,0,'admin','2023-06-14 06:45:43','admin','2023-06-14 06:46:27',1,'_self'),(333,'统计面板-2','/admin/analysis/cities','button',1,NULL,0,'admin','2023-06-14 06:46:27','admin','2023-06-14 06:46:27',1,'_self');
/*!40000 ALTER TABLE `permission` ENABLE KEYS */;
UNLOCK TABLES;

--
-- Table structure for table `post`
--

DROP TABLE IF EXISTS `post`;
/*!40101 SET @saved_cs_client     = @@character_set_client */;
/*!50503 SET character_set_client = utf8mb4 */;
CREATE TABLE `post` (
  `id` bigint(20) unsigned NOT NULL AUTO_INCREMENT COMMENT 'ID',
  `cate_id` bigint(20) unsigned NOT NULL COMMENT '分类ID',
  `post_content` longtext DEFAULT NULL COMMENT '房子描述信息',
  `post_status` int(11) DEFAULT NULL COMMENT '房子状态',
  `post_summary` varchar(2000) DEFAULT NULL COMMENT '房子描述摘要',
  `post_thumbnail` varchar(255) DEFAULT NULL COMMENT '缩略图',
  `post_title` varchar(255) DEFAULT NULL COMMENT '标题',
  `create_time` datetime DEFAULT current_timestamp() COMMENT '创建时间',
  `update_time` datetime DEFAULT current_timestamp() ON UPDATE current_timestamp() COMMENT '更新时间',
  `create_by` varchar(255) DEFAULT 'admin' COMMENT '创建人',
  `update_by` varchar(255) DEFAULT 'admin' COMMENT '更新人',
  `del_flag` int(11) DEFAULT 0 COMMENT '删除标志',
  `number` varchar(100) DEFAULT NULL COMMENT '房间号',
  `img_url` varchar(1000) DEFAULT NULL COMMENT '轮播图',
  `post_editor` varchar(2000) DEFAULT NULL COMMENT '轮播图编辑器',
  `city_id` bigint(20) unsigned DEFAULT NULL COMMENT '城市iD',
  `room_count` int(11) DEFAULT NULL COMMENT '卧室数',
  `toilet_count` int(11) DEFAULT NULL COMMENT '卫生间数',
  `area` decimal(10,2) DEFAULT NULL COMMENT '面积',
  `user_id` bigint(20) unsigned DEFAULT NULL COMMENT '用户ID',
  `month_price` int(11) DEFAULT NULL COMMENT '月租金额',
  `day_price` int(11) DEFAULT NULL COMMENT '日租金额',
  `deposit` int(11) DEFAULT NULL COMMENT '押金',
  `agency_flag` int(11) DEFAULT 0 COMMENT '是否中介发布',
  `owner_name` varchar(255) DEFAULT NULL COMMENT '房东姓名',
  `owner_phone` varchar(255) DEFAULT NULL COMMENT '房东手机号',
  PRIMARY KEY (`id`) USING BTREE,
  KEY `fk_post_cate_id` (`cate_id`) USING BTREE,
  KEY `fk_post_city_id` (`city_id`) USING BTREE,
  KEY `fk_user_user_id` (`user_id`) USING BTREE,
  CONSTRAINT `fk_post_cate_id` FOREIGN KEY (`cate_id`) REFERENCES `category` (`id`) ON DELETE CASCADE ON UPDATE CASCADE,
  CONSTRAINT `fk_post_city_id` FOREIGN KEY (`city_id`) REFERENCES `city` (`id`) ON DELETE CASCADE ON UPDATE CASCADE,
  CONSTRAINT `fk_user_user_id` FOREIGN KEY (`user_id`) REFERENCES `user` (`id`) ON DELETE CASCADE ON UPDATE CASCADE
) ENGINE=InnoDB AUTO_INCREMENT=40 DEFAULT CHARSET=utf8mb4 COLLATE=utf8mb4_general_ci;
/*!40101 SET character_set_client = @saved_cs_client */;

--
-- Dumping data for table `post`
--

LOCK TABLES `post` WRITE;
/*!40000 ALTER TABLE `post` DISABLE KEYS */;
INSERT INTO `post` VALUES (1,1,'此房户型方正，采光好。周边配套齐全，交通方便。\n小区邻近三号线吉祥站，楼下公交站台林立。\n带全套家电。\n....\n										',0,'此房户型方正，采光好。周边配套齐全，交通方便。\n小区邻近三号线吉祥站，楼下公交站台林立。\n带全套家电。\n....\n										','/static/front/img/room/1.jpg','华策中心城 三号线 吉祥站 花园小区A1','2020-12-06 16:57:20','2022-03-10 00:32:24','admin','admin',0,'13栋1单元101室','/static/front/img/room/1.jpg,/static/front/img/room/2.jpeg,/static/front/img/room/3.png,/static/front/img/room/4.png,/static/front/img/room/5.png','<p><img src=\"/static/front/img/room/1.jpg\" style=\"width: 100px;\" class=\"fr-fic fr-dib\"></p>\n<p><img src=\"/static/front/img/room/2.jpeg\" style=\"width: 100px;\" class=\"fr-fic fr-dib\"></p>\n<p><img src=\"/static/front/img/room/3.png\" style=\"width: 100px;\" class=\"fr-fic fr-dib\"></p>\n<p><img src=\"/static/front/img/room/4.png\" style=\"width: 100px;\" class=\"fr-fic fr-dib\"></p>\n<p><img src=\"/static/front/img/room/5.png\" style=\"width: 100px;\" class=\"fr-fic fr-dib\"></p>\n<img src=\"/static/front/img/room/2.jpeg\" width=\"100px;\"/>\n<img src=\"/static/front/img/room/3.png\" width=\"100px;\"/>\n<img src=\"/static/front/img/room/4.png\" width=\"100px;\"/>\n<img src=\"/static/front/img/room/5.png\" width=\"100px;\"/>',1,3,1,100.00,5,6000,200,6000,0,NULL,NULL),(2,1,'此房户型方正，采光好。周边配套齐全，交通方便。\n小区邻近三号线吉祥站，楼下公交站台林立。\n带全套家电。\n....\n										',1,'此房户型方正，采光好。周边配套齐全，交通方便。\n小区邻近三号线吉祥站，楼下公交站台林立。\n带全套家电。\n....\n										','/static/front/img/room/1.jpg','华策中心城 三号线 吉祥站 花园小区A2','2020-12-06 16:57:20','2022-03-10 00:32:26','admin','admin',0,'13栋1单元102室','/static/front/img/room/1.jpg,/static/front/img/room/2.jpeg,/static/front/img/room/3.png,/static/front/img/room/4.png,/static/front/img/room/5.png','<p><img src=\"/static/front/img/room/1.jpg\" style=\"width: 100px;\" class=\"fr-fic fr-dib\"></p>\n<p><img src=\"/static/front/img/room/2.jpeg\" style=\"width: 100px;\" class=\"fr-fic fr-dib\"></p>\n<p><img src=\"/static/front/img/room/3.png\" style=\"width: 100px;\" class=\"fr-fic fr-dib\"></p>\n<p><img src=\"/static/front/img/room/4.png\" style=\"width: 100px;\" class=\"fr-fic fr-dib\"></p>\n<p><img src=\"/static/front/img/room/5.png\" style=\"width: 100px;\" class=\"fr-fic fr-dib\"></p>\n<img src=\"/static/front/img/room/2.jpeg\" width=\"100px;\"/>\n<img src=\"/static/front/img/room/3.png\" width=\"100px;\"/>\n<img src=\"/static/front/img/room/4.png\" width=\"100px;\"/>\n<img src=\"/static/front/img/room/5.png\" width=\"100px;\"/>',1,3,1,100.00,5,6000,200,6000,0,NULL,NULL),(3,1,'此房户型方正，采光好。周边配套齐全，交通方便。\n小区邻近三号线吉祥站，楼下公交站台林立。\n带全套家电。\n....\n										',1,'此房户型方正，采光好。周边配套齐全，交通方便。\n小区邻近三号线吉祥站，楼下公交站台林立。\n带全套家电。\n....\n										','/static/front/img/room/1.jpg','华策中心城 三号线 吉祥站 花园小区A3','2020-12-06 16:57:20','2022-03-10 00:32:28','admin','admin',0,'13栋1单元103室','/static/front/img/room/1.jpg,/static/front/img/room/2.jpeg,/static/front/img/room/3.png,/static/front/img/room/4.png,/static/front/img/room/5.png','<p><img src=\"/static/front/img/room/1.jpg\" style=\"width: 100px;\" class=\"fr-fic fr-dib\"></p>\n<p><img src=\"/static/front/img/room/2.jpeg\" style=\"width: 100px;\" class=\"fr-fic fr-dib\"></p>\n<p><img src=\"/static/front/img/room/3.png\" style=\"width: 100px;\" class=\"fr-fic fr-dib\"></p>\n<p><img src=\"/static/front/img/room/4.png\" style=\"width: 100px;\" class=\"fr-fic fr-dib\"></p>\n<p><img src=\"/static/front/img/room/5.png\" style=\"width: 100px;\" class=\"fr-fic fr-dib\"></p>\n<img src=\"/static/front/img/room/2.jpeg\" width=\"100px;\"/>\n<img src=\"/static/front/img/room/3.png\" width=\"100px;\"/>\n<img src=\"/static/front/img/room/4.png\" width=\"100px;\"/>\n<img src=\"/static/front/img/room/5.png\" width=\"100px;\"/>',1,3,1,100.00,5,6000,200,6000,0,NULL,NULL),(4,1,'此房户型方正，采光好。周边配套齐全，交通方便。\n小区邻近三号线吉祥站，楼下公交站台林立。\n带全套家电。\n....\n										',0,'此房户型方正，采光好。周边配套齐全，交通方便。\n小区邻近三号线吉祥站，楼下公交站台林立。\n带全套家电。\n....\n										','/static/front/img/room/1.jpg','华策中心城 三号线 吉祥站 花园小区A4','2020-12-06 16:57:20','2022-03-10 00:32:30','admin','admin',0,'13栋1单元104室','/static/front/img/room/1.jpg,/static/front/img/room/2.jpeg,/static/front/img/room/3.png,/static/front/img/room/4.png,/static/front/img/room/5.png','<p><img src=\"/static/front/img/room/1.jpg\" style=\"width: 100px;\" class=\"fr-fic fr-dib\"></p>\n<p><img src=\"/static/front/img/room/2.jpeg\" style=\"width: 100px;\" class=\"fr-fic fr-dib\"></p>\n<p><img src=\"/static/front/img/room/3.png\" style=\"width: 100px;\" class=\"fr-fic fr-dib\"></p>\n<p><img src=\"/static/front/img/room/4.png\" style=\"width: 100px;\" class=\"fr-fic fr-dib\"></p>\n<p><img src=\"/static/front/img/room/5.png\" style=\"width: 100px;\" class=\"fr-fic fr-dib\"></p>\n<img src=\"/static/front/img/room/2.jpeg\" width=\"100px;\"/>\n<img src=\"/static/front/img/room/3.png\" width=\"100px;\"/>\n<img src=\"/static/front/img/room/4.png\" width=\"100px;\"/>\n<img src=\"/static/front/img/room/5.png\" width=\"100px;\"/>',1,3,1,100.00,5,6000,200,6000,0,NULL,NULL),(5,1,'此房户型方正，采光好。周边配套齐全，交通方便。\n小区邻近三号线吉祥站，楼下公交站台林立。\n带全套家电。\n....\n										',0,'此房户型方正，采光好。周边配套齐全，交通方便。\n小区邻近三号线吉祥站，楼下公交站台林立。\n带全套家电。\n....\n										','/static/front/img/room/1.jpg','华策中心城 三号线 吉祥站 花园小区A5','2020-12-06 16:57:20','2022-03-10 00:32:32','admin','admin',0,'13栋1单元105室','/static/front/img/room/1.jpg,/static/front/img/room/2.jpeg,/static/front/img/room/3.png,/static/front/img/room/4.png,/static/front/img/room/5.png','<p><img src=\"/static/front/img/room/1.jpg\" style=\"width: 100px;\" class=\"fr-fic fr-dib\"></p>\n<p><img src=\"/static/front/img/room/2.jpeg\" style=\"width: 100px;\" class=\"fr-fic fr-dib\"></p>\n<p><img src=\"/static/front/img/room/3.png\" style=\"width: 100px;\" class=\"fr-fic fr-dib\"></p>\n<p><img src=\"/static/front/img/room/4.png\" style=\"width: 100px;\" class=\"fr-fic fr-dib\"></p>\n<p><img src=\"/static/front/img/room/5.png\" style=\"width: 100px;\" class=\"fr-fic fr-dib\"></p>\n<img src=\"/static/front/img/room/2.jpeg\" width=\"100px;\"/>\n<img src=\"/static/front/img/room/3.png\" width=\"100px;\"/>\n<img src=\"/static/front/img/room/4.png\" width=\"100px;\"/>\n<img src=\"/static/front/img/room/5.png\" width=\"100px;\"/>',1,3,1,100.00,5,6000,200,6000,0,NULL,NULL),(6,1,'此房户型方正，采光好。周边配套齐全，交通方便。\n小区邻近三号线吉祥站，楼下公交站台林立。\n带全套家电。\n....\n										',1,'此房户型方正，采光好。周边配套齐全，交通方便。\n小区邻近三号线吉祥站，楼下公交站台林立。\n带全套家电。\n....\n										','/static/front/img/room/1.jpg','华策中心城 三号线 吉祥站 花园小区A6','2020-12-06 16:57:20','2022-03-10 00:32:35','admin','admin',0,'13栋1单元201室','/static/front/img/room/1.jpg,/static/front/img/room/2.jpeg,/static/front/img/room/3.png,/static/front/img/room/4.png,/static/front/img/room/5.png','<p><img src=\"/static/front/img/room/1.jpg\" style=\"width: 100px;\" class=\"fr-fic fr-dib\"></p>\n<p><img src=\"/static/front/img/room/2.jpeg\" style=\"width: 100px;\" class=\"fr-fic fr-dib\"></p>\n<p><img src=\"/static/front/img/room/3.png\" style=\"width: 100px;\" class=\"fr-fic fr-dib\"></p>\n<p><img src=\"/static/front/img/room/4.png\" style=\"width: 100px;\" class=\"fr-fic fr-dib\"></p>\n<p><img src=\"/static/front/img/room/5.png\" style=\"width: 100px;\" class=\"fr-fic fr-dib\"></p>\n<img src=\"/static/front/img/room/2.jpeg\" width=\"100px;\"/>\n<img src=\"/static/front/img/room/3.png\" width=\"100px;\"/>\n<img src=\"/static/front/img/room/4.png\" width=\"100px;\"/>\n<img src=\"/static/front/img/room/5.png\" width=\"100px;\"/>',1,3,1,100.00,5,6000,200,6000,0,NULL,NULL),(7,1,'此房户型方正，采光好。周边配套齐全，交通方便。\n小区邻近三号线吉祥站，楼下公交站台林立。\n带全套家电。\n....\n										',1,'此房户型方正，采光好。周边配套齐全，交通方便。\n小区邻近三号线吉祥站，楼下公交站台林立。\n带全套家电。\n....\n										','/static/front/img/room/1.jpg','华策中心城 三号线 吉祥站 花园小区A7','2020-12-06 16:57:20','2022-03-10 00:32:37','admin','admin',0,'13栋1单元202室','/static/front/img/room/1.jpg,/static/front/img/room/2.jpeg,/static/front/img/room/3.png,/static/front/img/room/4.png,/static/front/img/room/5.png','<p><img src=\"/static/front/img/room/1.jpg\" style=\"width: 100px;\" class=\"fr-fic fr-dib\"></p>\n<p><img src=\"/static/front/img/room/2.jpeg\" style=\"width: 100px;\" class=\"fr-fic fr-dib\"></p>\n<p><img src=\"/static/front/img/room/3.png\" style=\"width: 100px;\" class=\"fr-fic fr-dib\"></p>\n<p><img src=\"/static/front/img/room/4.png\" style=\"width: 100px;\" class=\"fr-fic fr-dib\"></p>\n<p><img src=\"/static/front/img/room/5.png\" style=\"width: 100px;\" class=\"fr-fic fr-dib\"></p>\n<img src=\"/static/front/img/room/2.jpeg\" width=\"100px;\"/>\n<img src=\"/static/front/img/room/3.png\" width=\"100px;\"/>\n<img src=\"/static/front/img/room/4.png\" width=\"100px;\"/>\n<img src=\"/static/front/img/room/5.png\" width=\"100px;\"/>',1,3,1,100.00,5,6000,200,6000,0,NULL,NULL),(8,1,'此房户型方正，采光好。周边配套齐全，交通方便。\n小区邻近三号线吉祥站，楼下公交站台林立。\n带全套家电。\n....\n										',0,'此房户型方正，采光好。周边配套齐全，交通方便。\n小区邻近三号线吉祥站，楼下公交站台林立。\n带全套家电。\n....\n										','/static/front/img/room/1.jpg','华策中心城 三号线 吉祥站 花园小区A8','2020-12-06 16:57:20','2022-03-10 00:32:41','admin','admin',0,'13栋1单元203室','/static/front/img/room/1.jpg,/static/front/img/room/2.jpeg,/static/front/img/room/3.png,/static/front/img/room/4.png,/static/front/img/room/5.png','<p><img src=\"/static/front/img/room/1.jpg\" style=\"width: 100px;\" class=\"fr-fic fr-dib\"></p>\n<p><img src=\"/static/front/img/room/2.jpeg\" style=\"width: 100px;\" class=\"fr-fic fr-dib\"></p>\n<p><img src=\"/static/front/img/room/3.png\" style=\"width: 100px;\" class=\"fr-fic fr-dib\"></p>\n<p><img src=\"/static/front/img/room/4.png\" style=\"width: 100px;\" class=\"fr-fic fr-dib\"></p>\n<p><img src=\"/static/front/img/room/5.png\" style=\"width: 100px;\" class=\"fr-fic fr-dib\"></p>\n<img src=\"/static/front/img/room/2.jpeg\" width=\"100px;\"/>\n<img src=\"/static/front/img/room/3.png\" width=\"100px;\"/>\n<img src=\"/static/front/img/room/4.png\" width=\"100px;\"/>\n<img src=\"/static/front/img/room/5.png\" width=\"100px;\"/>',1,3,1,100.00,5,6000,200,6000,0,NULL,NULL),(9,1,'此房户型方正，采光好。周边配套齐全，交通方便。\n小区邻近三号线吉祥站，楼下公交站台林立。\n带全套家电。\n....\n										',0,'此房户型方正，采光好。周边配套齐全，交通方便。\n小区邻近三号线吉祥站，楼下公交站台林立。\n带全套家电。\n....\n										','/static/front/img/room/1.jpg','华策中心城 三号线 吉祥站 花园小区B1','2020-12-06 16:57:20','2022-03-10 00:32:43','admin','admin',0,'13栋1单元204室','/static/front/img/room/1.jpg,/static/front/img/room/2.jpeg,/static/front/img/room/3.png,/static/front/img/room/4.png,/static/front/img/room/5.png','<p><img src=\"/static/front/img/room/1.jpg\" style=\"width: 100px;\" class=\"fr-fic fr-dib\"></p>\n<p><img src=\"/static/front/img/room/2.jpeg\" style=\"width: 100px;\" class=\"fr-fic fr-dib\"></p>\n<p><img src=\"/static/front/img/room/3.png\" style=\"width: 100px;\" class=\"fr-fic fr-dib\"></p>\n<p><img src=\"/static/front/img/room/4.png\" style=\"width: 100px;\" class=\"fr-fic fr-dib\"></p>\n<p><img src=\"/static/front/img/room/5.png\" style=\"width: 100px;\" class=\"fr-fic fr-dib\"></p>\n<img src=\"/static/front/img/room/2.jpeg\" width=\"100px;\"/>\n<img src=\"/static/front/img/room/3.png\" width=\"100px;\"/>\n<img src=\"/static/front/img/room/4.png\" width=\"100px;\"/>\n<img src=\"/static/front/img/room/5.png\" width=\"100px;\"/>',1,3,1,100.00,5,6000,200,6000,0,NULL,NULL),(10,1,'此房户型方正，采光好。周边配套齐全，交通方便。\n小区邻近三号线吉祥站，楼下公交站台林立。\n带全套家电。\n....\n										',0,'此房户型方正，采光好。周边配套齐全，交通方便。\n小区邻近三号线吉祥站，楼下公交站台林立。\n带全套家电。\n....\n										','/static/front/img/room/1.jpg','华策中心城 三号线 吉祥站 花园小区B2','2020-12-06 16:57:20','2022-03-10 00:32:45','admin','admin',0,'13栋1单元205室','/static/front/img/room/1.jpg,/static/front/img/room/2.jpeg,/static/front/img/room/3.png,/static/front/img/room/4.png,/static/front/img/room/5.png','<p><img src=\"/static/front/img/room/1.jpg\" style=\"width: 100px;\" class=\"fr-fic fr-dib\"></p>\n<p><img src=\"/static/front/img/room/2.jpeg\" style=\"width: 100px;\" class=\"fr-fic fr-dib\"></p>\n<p><img src=\"/static/front/img/room/3.png\" style=\"width: 100px;\" class=\"fr-fic fr-dib\"></p>\n<p><img src=\"/static/front/img/room/4.png\" style=\"width: 100px;\" class=\"fr-fic fr-dib\"></p>\n<p><img src=\"/static/front/img/room/5.png\" style=\"width: 100px;\" class=\"fr-fic fr-dib\"></p>\n<img src=\"/static/front/img/room/2.jpeg\" width=\"100px;\"/>\n<img src=\"/static/front/img/room/3.png\" width=\"100px;\"/>\n<img src=\"/static/front/img/room/4.png\" width=\"100px;\"/>\n<img src=\"/static/front/img/room/5.png\" width=\"100px;\"/>',1,3,1,100.00,5,6000,200,6000,0,NULL,NULL),(11,1,'此房户型方正，采光好。周边配套齐全，交通方便。\n小区邻近三号线吉祥站，楼下公交站台林立。\n带全套家电。\n....\n										',0,'此房户型方正，采光好。周边配套齐全，交通方便。\n小区邻近三号线吉祥站，楼下公交站台林立。\n带全套家电。\n....\n										','/static/front/img/room/1.jpg','华策中心城 三号线 吉祥站 花园小区B3','2020-12-06 16:57:20','2022-03-10 00:32:48','admin','admin',0,'13栋1单元301室','/static/front/img/room/1.jpg,/static/front/img/room/2.jpeg,/static/front/img/room/3.png,/static/front/img/room/4.png,/static/front/img/room/5.png','<p><img src=\"/static/front/img/room/1.jpg\" style=\"width: 100px;\" class=\"fr-fic fr-dib\"></p>\n<p><img src=\"/static/front/img/room/2.jpeg\" style=\"width: 100px;\" class=\"fr-fic fr-dib\"></p>\n<p><img src=\"/static/front/img/room/3.png\" style=\"width: 100px;\" class=\"fr-fic fr-dib\"></p>\n<p><img src=\"/static/front/img/room/4.png\" style=\"width: 100px;\" class=\"fr-fic fr-dib\"></p>\n<p><img src=\"/static/front/img/room/5.png\" style=\"width: 100px;\" class=\"fr-fic fr-dib\"></p>\n<img src=\"/static/front/img/room/2.jpeg\" width=\"100px;\"/>\n<img src=\"/static/front/img/room/3.png\" width=\"100px;\"/>\n<img src=\"/static/front/img/room/4.png\" width=\"100px;\"/>\n<img src=\"/static/front/img/room/5.png\" width=\"100px;\"/>',1,3,1,100.00,5,6000,200,6000,0,NULL,NULL),(12,1,'此房户型方正，采光好。周边配套齐全，交通方便。\n小区邻近三号线吉祥站，楼下公交站台林立。\n带全套家电。\n....\n										',0,'此房户型方正，采光好。周边配套齐全，交通方便。\n小区邻近三号线吉祥站，楼下公交站台林立。\n带全套家电。\n....\n										','/static/front/img/room/1.jpg','华策中心城 三号线 吉祥站 花园小区B4','2020-12-06 16:57:20','2022-03-10 00:32:51','admin','admin',0,'13栋1单元302室','/static/front/img/room/1.jpg,/static/front/img/room/2.jpeg,/static/front/img/room/3.png,/static/front/img/room/4.png,/static/front/img/room/5.png','<p><img src=\"/static/front/img/room/1.jpg\" style=\"width: 100px;\" class=\"fr-fic fr-dib\"></p>\n<p><img src=\"/static/front/img/room/2.jpeg\" style=\"width: 100px;\" class=\"fr-fic fr-dib\"></p>\n<p><img src=\"/static/front/img/room/3.png\" style=\"width: 100px;\" class=\"fr-fic fr-dib\"></p>\n<p><img src=\"/static/front/img/room/4.png\" style=\"width: 100px;\" class=\"fr-fic fr-dib\"></p>\n<p><img src=\"/static/front/img/room/5.png\" style=\"width: 100px;\" class=\"fr-fic fr-dib\"></p>\n<img src=\"/static/front/img/room/2.jpeg\" width=\"100px;\"/>\n<img src=\"/static/front/img/room/3.png\" width=\"100px;\"/>\n<img src=\"/static/front/img/room/4.png\" width=\"100px;\"/>\n<img src=\"/static/front/img/room/5.png\" width=\"100px;\"/>',1,3,1,100.00,5,6000,200,6000,0,NULL,NULL),(13,1,'此房户型方正，采光好。周边配套齐全，交通方便。\n小区邻近三号线吉祥站，楼下公交站台林立。\n带全套家电。\n....\n										',0,'此房户型方正，采光好。周边配套齐全，交通方便。\n小区邻近三号线吉祥站，楼下公交站台林立。\n带全套家电。\n....\n										','/static/front/img/room/1.jpg','华策中心城 三号线 吉祥站 花园小区B5','2020-12-06 16:57:20','2022-03-10 00:32:53','admin','admin',0,'13栋1单元303室','/static/front/img/room/1.jpg,/static/front/img/room/2.jpeg,/static/front/img/room/3.png,/static/front/img/room/4.png,/static/front/img/room/5.png','<p><img src=\"/static/front/img/room/1.jpg\" style=\"width: 100px;\" class=\"fr-fic fr-dib\"></p>\n<p><img src=\"/static/front/img/room/2.jpeg\" style=\"width: 100px;\" class=\"fr-fic fr-dib\"></p>\n<p><img src=\"/static/front/img/room/3.png\" style=\"width: 100px;\" class=\"fr-fic fr-dib\"></p>\n<p><img src=\"/static/front/img/room/4.png\" style=\"width: 100px;\" class=\"fr-fic fr-dib\"></p>\n<p><img src=\"/static/front/img/room/5.png\" style=\"width: 100px;\" class=\"fr-fic fr-dib\"></p>\n<img src=\"/static/front/img/room/2.jpeg\" width=\"100px;\"/>\n<img src=\"/static/front/img/room/3.png\" width=\"100px;\"/>\n<img src=\"/static/front/img/room/4.png\" width=\"100px;\"/>\n<img src=\"/static/front/img/room/5.png\" width=\"100px;\"/>',1,3,1,100.00,5,6000,200,6000,0,NULL,NULL),(14,1,'此房户型方正，采光好。周边配套齐全，交通方便。\n小区邻近三号线吉祥站，楼下公交站台林立。\n带全套家电。\n....\n										',0,'此房户型方正，采光好。周边配套齐全，交通方便。\n小区邻近三号线吉祥站，楼下公交站台林立。\n带全套家电。\n....\n										','/static/front/img/room/1.jpg','华策中心城 三号线 吉祥站 花园小区B6','2020-12-06 16:57:20','2022-03-10 00:32:56','admin','admin',0,'13栋1单元304室','/static/front/img/room/1.jpg,/static/front/img/room/2.jpeg,/static/front/img/room/3.png,/static/front/img/room/4.png,/static/front/img/room/5.png','<p><img src=\"/static/front/img/room/1.jpg\" style=\"width: 100px;\" class=\"fr-fic fr-dib\"></p>\n<p><img src=\"/static/front/img/room/2.jpeg\" style=\"width: 100px;\" class=\"fr-fic fr-dib\"></p>\n<p><img src=\"/static/front/img/room/3.png\" style=\"width: 100px;\" class=\"fr-fic fr-dib\"></p>\n<p><img src=\"/static/front/img/room/4.png\" style=\"width: 100px;\" class=\"fr-fic fr-dib\"></p>\n<p><img src=\"/static/front/img/room/5.png\" style=\"width: 100px;\" class=\"fr-fic fr-dib\"></p>\n<img src=\"/static/front/img/room/2.jpeg\" width=\"100px;\"/>\n<img src=\"/static/front/img/room/3.png\" width=\"100px;\"/>\n<img src=\"/static/front/img/room/4.png\" width=\"100px;\"/>\n<img src=\"/static/front/img/room/5.png\" width=\"100px;\"/>',1,3,1,100.00,5,6000,200,6000,0,NULL,NULL),(15,1,'此房户型方正，采光好。周边配套齐全，交通方便。\n小区邻近三号线吉祥站，楼下公交站台林立。\n带全套家电。\n....\n										',0,'此房户型方正，采光好。周边配套齐全，交通方便。\n小区邻近三号线吉祥站，楼下公交站台林立。\n带全套家电。\n....\n										','/static/front/img/room/1.jpg','华策中心城 三号线 吉祥站 花园小区B7','2020-12-06 16:57:20','2022-03-10 00:32:58','admin','admin',0,'13栋1单元305室','/static/front/img/room/1.jpg,/static/front/img/room/2.jpeg,/static/front/img/room/3.png,/static/front/img/room/4.png,/static/front/img/room/5.png','<p><img src=\"/static/front/img/room/1.jpg\" style=\"width: 100px;\" class=\"fr-fic fr-dib\"></p>\n<p><img src=\"/static/front/img/room/2.jpeg\" style=\"width: 100px;\" class=\"fr-fic fr-dib\"></p>\n<p><img src=\"/static/front/img/room/3.png\" style=\"width: 100px;\" class=\"fr-fic fr-dib\"></p>\n<p><img src=\"/static/front/img/room/4.png\" style=\"width: 100px;\" class=\"fr-fic fr-dib\"></p>\n<p><img src=\"/static/front/img/room/5.png\" style=\"width: 100px;\" class=\"fr-fic fr-dib\"></p>\n<img src=\"/static/front/img/room/2.jpeg\" width=\"100px;\"/>\n<img src=\"/static/front/img/room/3.png\" width=\"100px;\"/>\n<img src=\"/static/front/img/room/4.png\" width=\"100px;\"/>\n<img src=\"/static/front/img/room/5.png\" width=\"100px;\"/>',1,3,1,100.00,5,6000,200,6000,0,NULL,NULL),(16,1,'此房户型方正，采光好。周边配套齐全，交通方便。\n小区邻近三号线吉祥站，楼下公交站台林立。\n带全套家电。\n....\n										',0,'此房户型方正，采光好。周边配套齐全，交通方便。\n小区邻近三号线吉祥站，楼下公交站台林立。\n带全套家电。\n....\n										','/static/front/img/room/1.jpg','华策中心城 三号线 吉祥站 花园小区B8','2020-12-06 16:57:20','2022-03-10 00:33:01','admin','admin',0,'13栋2单元101室','/static/front/img/room/1.jpg,/static/front/img/room/2.jpeg,/static/front/img/room/3.png,/static/front/img/room/4.png,/static/front/img/room/5.png','<p><img src=\"/static/front/img/room/1.jpg\" style=\"width: 100px;\" class=\"fr-fic fr-dib\"></p>\n<p><img src=\"/static/front/img/room/2.jpeg\" style=\"width: 100px;\" class=\"fr-fic fr-dib\"></p>\n<p><img src=\"/static/front/img/room/3.png\" style=\"width: 100px;\" class=\"fr-fic fr-dib\"></p>\n<p><img src=\"/static/front/img/room/4.png\" style=\"width: 100px;\" class=\"fr-fic fr-dib\"></p>\n<p><img src=\"/static/front/img/room/5.png\" style=\"width: 100px;\" class=\"fr-fic fr-dib\"></p>\n<img src=\"/static/front/img/room/2.jpeg\" width=\"100px;\"/>\n<img src=\"/static/front/img/room/3.png\" width=\"100px;\"/>\n<img src=\"/static/front/img/room/4.png\" width=\"100px;\"/>\n<img src=\"/static/front/img/room/5.png\" width=\"100px;\"/>',1,3,1,100.00,5,6000,200,6000,0,NULL,NULL),(17,1,'此房户型方正，采光好。周边配套齐全，交通方便。\n小区邻近三号线吉祥站，楼下公交站台林立。\n带全套家电。\n....\n										',0,'此房户型方正，采光好。周边配套齐全，交通方便。\n小区邻近三号线吉祥站，楼下公交站台林立。\n带全套家电。\n....\n										','/static/front/img/room/1.jpg','华策中心城 三号线 吉祥站 花园小区C1','2020-12-06 16:57:20','2022-03-10 00:33:10','admin','admin',0,'13栋2单元102室','/static/front/img/room/1.jpg,/static/front/img/room/2.jpeg,/static/front/img/room/3.png,/static/front/img/room/4.png,/static/front/img/room/5.png','<p><img src=\"/static/front/img/room/1.jpg\" style=\"width: 100px;\" class=\"fr-fic fr-dib\"></p>\n<p><img src=\"/static/front/img/room/2.jpeg\" style=\"width: 100px;\" class=\"fr-fic fr-dib\"></p>\n<p><img src=\"/static/front/img/room/3.png\" style=\"width: 100px;\" class=\"fr-fic fr-dib\"></p>\n<p><img src=\"/static/front/img/room/4.png\" style=\"width: 100px;\" class=\"fr-fic fr-dib\"></p>\n<p><img src=\"/static/front/img/room/5.png\" style=\"width: 100px;\" class=\"fr-fic fr-dib\"></p>\n<img src=\"/static/front/img/room/2.jpeg\" width=\"100px;\"/>\n<img src=\"/static/front/img/room/3.png\" width=\"100px;\"/>\n<img src=\"/static/front/img/room/4.png\" width=\"100px;\"/>\n<img src=\"/static/front/img/room/5.png\" width=\"100px;\"/>',1,3,1,100.00,5,6000,200,6000,0,NULL,NULL),(18,1,'此房户型方正，采光好。周边配套齐全，交通方便。\n小区邻近三号线吉祥站，楼下公交站台林立。\n带全套家电。\n....\n										',0,'此房户型方正，采光好。周边配套齐全，交通方便。\n小区邻近三号线吉祥站，楼下公交站台林立。\n带全套家电。\n....\n										','/static/front/img/room/1.jpg','华策中心城 三号线 吉祥站 花园小区C2','2020-12-06 16:57:20','2022-03-10 00:33:11','admin','admin',0,'13栋2单元103室','/static/front/img/room/1.jpg,/static/front/img/room/2.jpeg,/static/front/img/room/3.png,/static/front/img/room/4.png,/static/front/img/room/5.png','<p><img src=\"/static/front/img/room/1.jpg\" style=\"width: 100px;\" class=\"fr-fic fr-dib\"></p>\n<p><img src=\"/static/front/img/room/2.jpeg\" style=\"width: 100px;\" class=\"fr-fic fr-dib\"></p>\n<p><img src=\"/static/front/img/room/3.png\" style=\"width: 100px;\" class=\"fr-fic fr-dib\"></p>\n<p><img src=\"/static/front/img/room/4.png\" style=\"width: 100px;\" class=\"fr-fic fr-dib\"></p>\n<p><img src=\"/static/front/img/room/5.png\" style=\"width: 100px;\" class=\"fr-fic fr-dib\"></p>\n<img src=\"/static/front/img/room/2.jpeg\" width=\"100px;\"/>\n<img src=\"/static/front/img/room/3.png\" width=\"100px;\"/>\n<img src=\"/static/front/img/room/4.png\" width=\"100px;\"/>\n<img src=\"/static/front/img/room/5.png\" width=\"100px;\"/>',1,3,1,100.00,5,6000,200,6000,0,NULL,NULL),(19,1,'此房户型方正，采光好。周边配套齐全，交通方便。\n小区邻近三号线吉祥站，楼下公交站台林立。\n带全套家电。\n....\n										',0,'此房户型方正，采光好。周边配套齐全，交通方便。\n小区邻近三号线吉祥站，楼下公交站台林立。\n带全套家电。\n....\n										','/static/front/img/room/1.jpg','华策中心城 三号线 吉祥站 花园小区C3','2020-12-06 16:57:20','2022-03-10 00:33:13','admin','admin',0,'13栋2单元104室','/static/front/img/room/1.jpg,/static/front/img/room/2.jpeg,/static/front/img/room/3.png,/static/front/img/room/4.png,/static/front/img/room/5.png','<p><img src=\"/static/front/img/room/1.jpg\" style=\"width: 100px;\" class=\"fr-fic fr-dib\"></p>\n<p><img src=\"/static/front/img/room/2.jpeg\" style=\"width: 100px;\" class=\"fr-fic fr-dib\"></p>\n<p><img src=\"/static/front/img/room/3.png\" style=\"width: 100px;\" class=\"fr-fic fr-dib\"></p>\n<p><img src=\"/static/front/img/room/4.png\" style=\"width: 100px;\" class=\"fr-fic fr-dib\"></p>\n<p><img src=\"/static/front/img/room/5.png\" style=\"width: 100px;\" class=\"fr-fic fr-dib\"></p>\n<img src=\"/static/front/img/room/2.jpeg\" width=\"100px;\"/>\n<img src=\"/static/front/img/room/3.png\" width=\"100px;\"/>\n<img src=\"/static/front/img/room/4.png\" width=\"100px;\"/>\n<img src=\"/static/front/img/room/5.png\" width=\"100px;\"/>',1,3,1,100.00,5,6000,200,6000,0,NULL,NULL),(20,1,'此房户型方正，采光好。周边配套齐全，交通方便。\n小区邻近三号线吉祥站，楼下公交站台林立。\n带全套家电。\n....\n										',0,'此房户型方正，采光好。周边配套齐全，交通方便。\n小区邻近三号线吉祥站，楼下公交站台林立。\n带全套家电。\n....\n										','/static/front/img/room/1.jpg','华策中心城 三号线 吉祥站 花园小区C4','2020-12-06 16:57:20','2022-03-10 00:33:17','admin','admin',0,'13栋2单元105室','/static/front/img/room/1.jpg,/static/front/img/room/2.jpeg,/static/front/img/room/3.png,/static/front/img/room/4.png,/static/front/img/room/5.png','<p><img src=\"/static/front/img/room/1.jpg\" style=\"width: 100px;\" class=\"fr-fic fr-dib\"></p>\n<p><img src=\"/static/front/img/room/2.jpeg\" style=\"width: 100px;\" class=\"fr-fic fr-dib\"></p>\n<p><img src=\"/static/front/img/room/3.png\" style=\"width: 100px;\" class=\"fr-fic fr-dib\"></p>\n<p><img src=\"/static/front/img/room/4.png\" style=\"width: 100px;\" class=\"fr-fic fr-dib\"></p>\n<p><img src=\"/static/front/img/room/5.png\" style=\"width: 100px;\" class=\"fr-fic fr-dib\"></p>\n<img src=\"/static/front/img/room/2.jpeg\" width=\"100px;\"/>\n<img src=\"/static/front/img/room/3.png\" width=\"100px;\"/>\n<img src=\"/static/front/img/room/4.png\" width=\"100px;\"/>\n<img src=\"/static/front/img/room/5.png\" width=\"100px;\"/>',1,3,1,100.00,5,6000,200,6000,0,NULL,NULL),(21,1,'此房户型方正，采光好。周边配套齐全，交通方便。\n小区邻近三号线吉祥站，楼下公交站台林立。\n带全套家电。\n....\n										',0,'此房户型方正，采光好。周边配套齐全，交通方便。\n小区邻近三号线吉祥站，楼下公交站台林立。\n带全套家电。\n....\n										','/static/front/img/room/1.jpg','华策中心城 三号线 吉祥站 花园小区C5','2020-12-06 16:57:20','2022-03-10 00:33:19','admin','admin',0,'13栋2单元201室','/static/front/img/room/1.jpg,/static/front/img/room/2.jpeg,/static/front/img/room/3.png,/static/front/img/room/4.png,/static/front/img/room/5.png','<p><img src=\"/static/front/img/room/1.jpg\" style=\"width: 100px;\" class=\"fr-fic fr-dib\"></p>\n<p><img src=\"/static/front/img/room/2.jpeg\" style=\"width: 100px;\" class=\"fr-fic fr-dib\"></p>\n<p><img src=\"/static/front/img/room/3.png\" style=\"width: 100px;\" class=\"fr-fic fr-dib\"></p>\n<p><img src=\"/static/front/img/room/4.png\" style=\"width: 100px;\" class=\"fr-fic fr-dib\"></p>\n<p><img src=\"/static/front/img/room/5.png\" style=\"width: 100px;\" class=\"fr-fic fr-dib\"></p>\n<img src=\"/static/front/img/room/2.jpeg\" width=\"100px;\"/>\n<img src=\"/static/front/img/room/3.png\" width=\"100px;\"/>\n<img src=\"/static/front/img/room/4.png\" width=\"100px;\"/>\n<img src=\"/static/front/img/room/5.png\" width=\"100px;\"/>',1,3,1,100.00,5,6000,200,6000,0,NULL,NULL),(22,1,'此房户型方正，采光好。周边配套齐全，交通方便。\n小区邻近三号线吉祥站，楼下公交站台林立。\n带全套家电。\n....\n										',0,'此房户型方正，采光好。周边配套齐全，交通方便。\n小区邻近三号线吉祥站，楼下公交站台林立。\n带全套家电。\n....\n										','/static/front/img/room/1.jpg','华策中心城 三号线 吉祥站 花园小区C6','2020-12-06 16:57:20','2022-03-10 00:33:21','admin','admin',0,'13栋2单元202室','/static/front/img/room/1.jpg,/static/front/img/room/2.jpeg,/static/front/img/room/3.png,/static/front/img/room/4.png,/static/front/img/room/5.png','<p><img src=\"/static/front/img/room/1.jpg\" style=\"width: 100px;\" class=\"fr-fic fr-dib\"></p>\n<p><img src=\"/static/front/img/room/2.jpeg\" style=\"width: 100px;\" class=\"fr-fic fr-dib\"></p>\n<p><img src=\"/static/front/img/room/3.png\" style=\"width: 100px;\" class=\"fr-fic fr-dib\"></p>\n<p><img src=\"/static/front/img/room/4.png\" style=\"width: 100px;\" class=\"fr-fic fr-dib\"></p>\n<p><img src=\"/static/front/img/room/5.png\" style=\"width: 100px;\" class=\"fr-fic fr-dib\"></p>\n<img src=\"/static/front/img/room/2.jpeg\" width=\"100px;\"/>\n<img src=\"/static/front/img/room/3.png\" width=\"100px;\"/>\n<img src=\"/static/front/img/room/4.png\" width=\"100px;\"/>\n<img src=\"/static/front/img/room/5.png\" width=\"100px;\"/>',1,3,1,100.00,5,6000,200,6000,0,NULL,NULL),(23,1,'此房户型方正，采光好。周边配套齐全，交通方便。\n小区邻近三号线吉祥站，楼下公交站台林立。\n带全套家电。\n....\n										',0,'此房户型方正，采光好。周边配套齐全，交通方便。\n小区邻近三号线吉祥站，楼下公交站台林立。\n带全套家电。\n....\n										','/static/front/img/room/1.jpg','华策中心城 三号线 吉祥站 花园小区C7','2020-12-06 16:57:20','2022-03-10 00:33:23','admin','admin',0,'13栋2单元203室','/static/front/img/room/1.jpg,/static/front/img/room/2.jpeg,/static/front/img/room/3.png,/static/front/img/room/4.png,/static/front/img/room/5.png','<p><img src=\"/static/front/img/room/1.jpg\" style=\"width: 100px;\" class=\"fr-fic fr-dib\"></p>\n<p><img src=\"/static/front/img/room/2.jpeg\" style=\"width: 100px;\" class=\"fr-fic fr-dib\"></p>\n<p><img src=\"/static/front/img/room/3.png\" style=\"width: 100px;\" class=\"fr-fic fr-dib\"></p>\n<p><img src=\"/static/front/img/room/4.png\" style=\"width: 100px;\" class=\"fr-fic fr-dib\"></p>\n<p><img src=\"/static/front/img/room/5.png\" style=\"width: 100px;\" class=\"fr-fic fr-dib\"></p>\n<img src=\"/static/front/img/room/2.jpeg\" width=\"100px;\"/>\n<img src=\"/static/front/img/room/3.png\" width=\"100px;\"/>\n<img src=\"/static/front/img/room/4.png\" width=\"100px;\"/>\n<img src=\"/static/front/img/room/5.png\" width=\"100px;\"/>',1,3,1,100.00,5,6000,200,6000,0,NULL,NULL),(24,1,'此房户型方正，采光好。周边配套齐全，交通方便。\n小区邻近三号线吉祥站，楼下公交站台林立。\n带全套家电。\n....\n										',0,'此房户型方正，采光好。周边配套齐全，交通方便。\n小区邻近三号线吉祥站，楼下公交站台林立。\n带全套家电。\n....\n										','/static/front/img/room/1.jpg','华策中心城 三号线 吉祥站 花园小区C8','2020-12-06 16:57:20','2022-03-10 00:33:26','admin','admin',0,'13栋2单元204室','/static/front/img/room/1.jpg,/static/front/img/room/2.jpeg,/static/front/img/room/3.png,/static/front/img/room/4.png,/static/front/img/room/5.png','<p><img src=\"/static/front/img/room/1.jpg\" style=\"width: 100px;\" class=\"fr-fic fr-dib\"></p>\n<p><img src=\"/static/front/img/room/2.jpeg\" style=\"width: 100px;\" class=\"fr-fic fr-dib\"></p>\n<p><img src=\"/static/front/img/room/3.png\" style=\"width: 100px;\" class=\"fr-fic fr-dib\"></p>\n<p><img src=\"/static/front/img/room/4.png\" style=\"width: 100px;\" class=\"fr-fic fr-dib\"></p>\n<p><img src=\"/static/front/img/room/5.png\" style=\"width: 100px;\" class=\"fr-fic fr-dib\"></p>\n<img src=\"/static/front/img/room/2.jpeg\" width=\"100px;\"/>\n<img src=\"/static/front/img/room/3.png\" width=\"100px;\"/>\n<img src=\"/static/front/img/room/4.png\" width=\"100px;\"/>\n<img src=\"/static/front/img/room/5.png\" width=\"100px;\"/>',1,3,1,100.00,5,6000,200,6000,0,NULL,NULL),(25,1,'<p>此房户型方正，采光好。周边配套齐全，交通方便。\n小区邻近三号线吉祥站，楼下公交站台林立。\n带全套家电。\n....</p>',0,'此房户型方正，采光好。周边配套齐全，交通方便。\n小区邻近三号线吉祥站，楼下公交站台林立。\n带全套家电。\n....','/static/front/img/room/1.jpg','华策中心城 三号线 吉祥站 花园小区D1','2020-12-06 16:57:20','2022-03-10 00:33:28','admin','admin',0,'13栋2单元205室','/static/front/img/room/1.jpg,/static/front/img/room/2.jpeg,/static/front/img/room/3.png,/static/front/img/room/4.png,/static/front/img/room/5.png,/static/front/img/room/2.jpeg,/static/front/img/room/3.png,/static/front/img/room/4.png,/static/front/img/room/5.png','<p><img src=\"/static/front/img/room/1.jpg\" style=\"width: 100px;\" class=\"fr-fic fr-dib\"></p><p><img src=\"/static/front/img/room/2.jpeg\" style=\"width: 100px;\" class=\"fr-fic fr-dib\"></p><p><img src=\"/static/front/img/room/3.png\" style=\"width: 100px;\" class=\"fr-fic fr-dib\"></p><p><img src=\"/static/front/img/room/4.png\" style=\"width: 100px;\" class=\"fr-fic fr-dib\"></p><p><img src=\"/static/front/img/room/5.png\" style=\"width: 100px;\" class=\"fr-fic fr-dib\"></p><p><img src=\"/static/front/img/room/2.jpeg\" width=\"100px;\" class=\"fr-fic fr-dii\"><img src=\"/static/front/img/room/3.png\" width=\"100px;\" class=\"fr-fic fr-dii\"><img src=\"/static/front/img/room/4.png\" width=\"100px;\" class=\"fr-fic fr-dii\"><img src=\"/static/front/img/room/5.png\" width=\"100px;\" class=\"fr-fic fr-dii\"></p>',1,3,1,100.00,5,6000,200,6000,0,NULL,NULL),(26,1,'此房户型方正，采光好。周边配套齐全，交通方便。\n小区邻近三号线吉祥站，楼下公交站台林立。\n带全套家电。\n....\n										',0,'此房户型方正，采光好。周边配套齐全，交通方便。\n小区邻近三号线吉祥站，楼下公交站台林立。\n带全套家电。\n....\n										','/static/front/img/room/1.jpg','华策中心城 三号线 吉祥站 花园小区D2','2020-12-06 16:57:20','2022-03-10 00:33:30','admin','admin',0,'13栋2单元301室','/static/front/img/room/1.jpg,/static/front/img/room/2.jpeg,/static/front/img/room/3.png,/static/front/img/room/4.png,/static/front/img/room/5.png','<p><img src=\"/static/front/img/room/1.jpg\" style=\"width: 100px;\" class=\"fr-fic fr-dib\"></p>\n<p><img src=\"/static/front/img/room/2.jpeg\" style=\"width: 100px;\" class=\"fr-fic fr-dib\"></p>\n<p><img src=\"/static/front/img/room/3.png\" style=\"width: 100px;\" class=\"fr-fic fr-dib\"></p>\n<p><img src=\"/static/front/img/room/4.png\" style=\"width: 100px;\" class=\"fr-fic fr-dib\"></p>\n<p><img src=\"/static/front/img/room/5.png\" style=\"width: 100px;\" class=\"fr-fic fr-dib\"></p>\n<img src=\"/static/front/img/room/2.jpeg\" width=\"100px;\"/>\n<img src=\"/static/front/img/room/3.png\" width=\"100px;\"/>\n<img src=\"/static/front/img/room/4.png\" width=\"100px;\"/>\n<img src=\"/static/front/img/room/5.png\" width=\"100px;\"/>',1,3,1,100.00,5,6000,200,6000,0,NULL,NULL),(27,1,'此房户型方正，采光好。周边配套齐全，交通方便。\n小区邻近三号线吉祥站，楼下公交站台林立。\n带全套家电。\n....\n										',0,'此房户型方正，采光好。周边配套齐全，交通方便。\n小区邻近三号线吉祥站，楼下公交站台林立。\n带全套家电。\n....\n										','/static/front/img/room/1.jpg','华策中心城 三号线 吉祥站 花园小区D3','2020-12-06 16:57:20','2022-03-10 00:33:33','admin','admin',0,'13栋2单元302室','/static/front/img/room/1.jpg,/static/front/img/room/2.jpeg,/static/front/img/room/3.png,/static/front/img/room/4.png,/static/front/img/room/5.png','<p><img src=\"/static/front/img/room/1.jpg\" style=\"width: 100px;\" class=\"fr-fic fr-dib\"></p>\n<p><img src=\"/static/front/img/room/2.jpeg\" style=\"width: 100px;\" class=\"fr-fic fr-dib\"></p>\n<p><img src=\"/static/front/img/room/3.png\" style=\"width: 100px;\" class=\"fr-fic fr-dib\"></p>\n<p><img src=\"/static/front/img/room/4.png\" style=\"width: 100px;\" class=\"fr-fic fr-dib\"></p>\n<p><img src=\"/static/front/img/room/5.png\" style=\"width: 100px;\" class=\"fr-fic fr-dib\"></p>\n<img src=\"/static/front/img/room/2.jpeg\" width=\"100px;\"/>\n<img src=\"/static/front/img/room/3.png\" width=\"100px;\"/>\n<img src=\"/static/front/img/room/4.png\" width=\"100px;\"/>\n<img src=\"/static/front/img/room/5.png\" width=\"100px;\"/>',1,3,1,100.00,5,6000,200,6000,0,NULL,NULL),(28,1,'此房户型方正，采光好。周边配套齐全，交通方便。\n小区邻近三号线吉祥站，楼下公交站台林立。\n带全套家电。\n....\n										',0,'此房户型方正，采光好。周边配套齐全，交通方便。\n小区邻近三号线吉祥站，楼下公交站台林立。\n带全套家电。\n....\n										','/static/front/img/room/1.jpg','华策中心城 三号线 吉祥站 花园小区D4','2020-12-06 16:57:20','2022-03-10 00:33:35','admin','admin',0,'13栋2单元303室','/static/front/img/room/1.jpg,/static/front/img/room/2.jpeg,/static/front/img/room/3.png,/static/front/img/room/4.png,/static/front/img/room/5.png','<p><img src=\"/static/front/img/room/1.jpg\" style=\"width: 100px;\" class=\"fr-fic fr-dib\"></p>\n<p><img src=\"/static/front/img/room/2.jpeg\" style=\"width: 100px;\" class=\"fr-fic fr-dib\"></p>\n<p><img src=\"/static/front/img/room/3.png\" style=\"width: 100px;\" class=\"fr-fic fr-dib\"></p>\n<p><img src=\"/static/front/img/room/4.png\" style=\"width: 100px;\" class=\"fr-fic fr-dib\"></p>\n<p><img src=\"/static/front/img/room/5.png\" style=\"width: 100px;\" class=\"fr-fic fr-dib\"></p>\n<img src=\"/static/front/img/room/2.jpeg\" width=\"100px;\"/>\n<img src=\"/static/front/img/room/3.png\" width=\"100px;\"/>\n<img src=\"/static/front/img/room/4.png\" width=\"100px;\"/>\n<img src=\"/static/front/img/room/5.png\" width=\"100px;\"/>',1,3,1,100.00,5,6000,200,6000,0,NULL,NULL),(29,1,'此房户型方正，采光好。周边配套齐全，交通方便。\n小区邻近三号线吉祥站，楼下公交站台林立。\n带全套家电。\n....\n										',0,'此房户型方正，采光好。周边配套齐全，交通方便。\n小区邻近三号线吉祥站，楼下公交站台林立。\n带全套家电。\n....\n										','/static/front/img/room/1.jpg','华策中心城 三号线 吉祥站 花园小区D5','2020-12-06 16:57:20','2022-03-10 00:33:38','admin','admin',0,'13栋2单元304室','/static/front/img/room/1.jpg,/static/front/img/room/2.jpeg,/static/front/img/room/3.png,/static/front/img/room/4.png,/static/front/img/room/5.png','<p><img src=\"/static/front/img/room/1.jpg\" style=\"width: 100px;\" class=\"fr-fic fr-dib\"></p>\n<p><img src=\"/static/front/img/room/2.jpeg\" style=\"width: 100px;\" class=\"fr-fic fr-dib\"></p>\n<p><img src=\"/static/front/img/room/3.png\" style=\"width: 100px;\" class=\"fr-fic fr-dib\"></p>\n<p><img src=\"/static/front/img/room/4.png\" style=\"width: 100px;\" class=\"fr-fic fr-dib\"></p>\n<p><img src=\"/static/front/img/room/5.png\" style=\"width: 100px;\" class=\"fr-fic fr-dib\"></p>\n<img src=\"/static/front/img/room/2.jpeg\" width=\"100px;\"/>\n<img src=\"/static/front/img/room/3.png\" width=\"100px;\"/>\n<img src=\"/static/front/img/room/4.png\" width=\"100px;\"/>\n<img src=\"/static/front/img/room/5.png\" width=\"100px;\"/>',1,3,1,100.00,5,6000,200,6000,0,NULL,NULL),(30,1,'此房户型方正，采光好。周边配套齐全，交通方便。\n小区邻近三号线吉祥站，楼下公交站台林立。\n带全套家电。\n....\n										',0,'此房户型方正，采光好。周边配套齐全，交通方便。\n小区邻近三号线吉祥站，楼下公交站台林立。\n带全套家电。\n....\n										','/static/front/img/room/1.jpg','华策中心城 三号线 吉祥站 花园小区D6','2020-12-06 16:57:20','2022-03-10 00:33:42','admin','admin',0,'13栋2单元305室','/static/front/img/room/1.jpg,/static/front/img/room/2.jpeg,/static/front/img/room/3.png,/static/front/img/room/4.png,/static/front/img/room/5.png','<p><img src=\"/static/front/img/room/1.jpg\" style=\"width: 100px;\" class=\"fr-fic fr-dib\"></p>\n<p><img src=\"/static/front/img/room/2.jpeg\" style=\"width: 100px;\" class=\"fr-fic fr-dib\"></p>\n<p><img src=\"/static/front/img/room/3.png\" style=\"width: 100px;\" class=\"fr-fic fr-dib\"></p>\n<p><img src=\"/static/front/img/room/4.png\" style=\"width: 100px;\" class=\"fr-fic fr-dib\"></p>\n<p><img src=\"/static/front/img/room/5.png\" style=\"width: 100px;\" class=\"fr-fic fr-dib\"></p>\n<img src=\"/static/front/img/room/2.jpeg\" width=\"100px;\"/>\n<img src=\"/static/front/img/room/3.png\" width=\"100px;\"/>\n<img src=\"/static/front/img/room/4.png\" width=\"100px;\"/>\n<img src=\"/static/front/img/room/5.png\" width=\"100px;\"/>',1,3,1,100.00,5,6000,200,6000,0,NULL,NULL),(31,2,'此房户型方正，采光好。周边配套齐全，交通方便。\n小区邻近三号线吉祥站，楼下公交站台林立。\n带全套家电。\n....\n										',1,'此房户型方正，采光好。周边配套齐全，交通方便。\n小区邻近三号线吉祥站，楼下公交站台林立。\n带全套家电。\n....\n										','/static/front/img/room/1.jpg','华策中心城 三号线 吉祥站 花园小区D7','2020-12-06 16:57:20','2022-03-10 00:33:45','admin','admin',0,'12栋2单元101室A卧','/static/front/img/room/1.jpg,/static/front/img/room/2.jpeg,/static/front/img/room/3.png,/static/front/img/room/4.png,/static/front/img/room/5.png','<p><img src=\"/static/front/img/room/1.jpg\" style=\"width: 100px;\" class=\"fr-fic fr-dib\"></p>\n<p><img src=\"/static/front/img/room/2.jpeg\" style=\"width: 100px;\" class=\"fr-fic fr-dib\"></p>\n<p><img src=\"/static/front/img/room/3.png\" style=\"width: 100px;\" class=\"fr-fic fr-dib\"></p>\n<p><img src=\"/static/front/img/room/4.png\" style=\"width: 100px;\" class=\"fr-fic fr-dib\"></p>\n<p><img src=\"/static/front/img/room/5.png\" style=\"width: 100px;\" class=\"fr-fic fr-dib\"></p>\n<img src=\"/static/front/img/room/2.jpeg\" width=\"100px;\"/>\n<img src=\"/static/front/img/room/3.png\" width=\"100px;\"/>\n<img src=\"/static/front/img/room/4.png\" width=\"100px;\"/>\n<img src=\"/static/front/img/room/5.png\" width=\"100px;\"/>',1,1,1,20.00,4,2370,79,2370,0,NULL,NULL),(32,2,'此房户型方正，采光好。周边配套齐全，交通方便。\n小区邻近三号线吉祥站，楼下公交站台林立。\n带全套家电。\n....\n										',1,'此房户型方正，采光好。周边配套齐全，交通方便。\n小区邻近三号线吉祥站，楼下公交站台林立。\n带全套家电。\n....\n										','/static/front/img/room/1.jpg','华策中心城 三号线 吉祥站 花园小区E1','2020-12-06 16:57:20','2022-03-10 00:33:47','admin','admin',0,'12栋2单元101室B卧','/static/front/img/room/1.jpg,/static/front/img/room/2.jpeg,/static/front/img/room/3.png,/static/front/img/room/4.png,/static/front/img/room/5.png','<p><img src=\"/static/front/img/room/1.jpg\" style=\"width: 100px;\" class=\"fr-fic fr-dib\"></p>\n<p><img src=\"/static/front/img/room/2.jpeg\" style=\"width: 100px;\" class=\"fr-fic fr-dib\"></p>\n<p><img src=\"/static/front/img/room/3.png\" style=\"width: 100px;\" class=\"fr-fic fr-dib\"></p>\n<p><img src=\"/static/front/img/room/4.png\" style=\"width: 100px;\" class=\"fr-fic fr-dib\"></p>\n<p><img src=\"/static/front/img/room/5.png\" style=\"width: 100px;\" class=\"fr-fic fr-dib\"></p>\n<img src=\"/static/front/img/room/2.jpeg\" width=\"100px;\"/>\n<img src=\"/static/front/img/room/3.png\" width=\"100px;\"/>\n<img src=\"/static/front/img/room/4.png\" width=\"100px;\"/>\n<img src=\"/static/front/img/room/5.png\" width=\"100px;\"/>',1,1,1,20.00,4,2370,79,2370,0,NULL,NULL),(33,2,'此房户型方正，采光好。周边配套齐全，交通方便。\n小区邻近三号线吉祥站，楼下公交站台林立。\n带全套家电。\n....\n										',0,'此房户型方正，采光好。周边配套齐全，交通方便。\n小区邻近三号线吉祥站，楼下公交站台林立。\n带全套家电。\n....\n										','/static/front/img/room/1.jpg','华策中心城 三号线 吉祥站 花园小区E2','2020-12-06 16:57:20','2022-03-10 00:33:51','admin','admin',0,'12栋2单元101室C卧','/static/front/img/room/1.jpg,/static/front/img/room/2.jpeg,/static/front/img/room/3.png,/static/front/img/room/4.png,/static/front/img/room/5.png','<p><img src=\"/static/front/img/room/1.jpg\" style=\"width: 100px;\" class=\"fr-fic fr-dib\"></p>\n<p><img src=\"/static/front/img/room/2.jpeg\" style=\"width: 100px;\" class=\"fr-fic fr-dib\"></p>\n<p><img src=\"/static/front/img/room/3.png\" style=\"width: 100px;\" class=\"fr-fic fr-dib\"></p>\n<p><img src=\"/static/front/img/room/4.png\" style=\"width: 100px;\" class=\"fr-fic fr-dib\"></p>\n<p><img src=\"/static/front/img/room/5.png\" style=\"width: 100px;\" class=\"fr-fic fr-dib\"></p>\n<img src=\"/static/front/img/room/2.jpeg\" width=\"100px;\"/>\n<img src=\"/static/front/img/room/3.png\" width=\"100px;\"/>\n<img src=\"/static/front/img/room/4.png\" width=\"100px;\"/>\n<img src=\"/static/front/img/room/5.png\" width=\"100px;\"/>',1,1,1,20.00,4,2370,79,2370,0,NULL,NULL),(35,1,'<p>此房户型方正，采光好。周边配套齐全，交通方便。\n小区邻近三号线吉祥站，楼下公交站台林立。\n带全套家电。\n....</p>',1,'此房户型方正，采光好。周边配套齐全，交通方便。\n小区邻近三号线吉祥站，楼下公交站台林立。\n带全套家电。\n....','/static/front/img/room/1.jpg','华策中心城 三号线 吉祥站 恒大小区E3','2021-11-14 23:57:20','2022-03-10 00:33:54','admin','admin',0,'13栋2单元501室','/static/front/img/room/1.jpg,/static/front/img/room/2.jpeg,/static/front/img/room/3.png,/static/front/img/room/4.png,/static/front/img/room/5.png','<p><img src=\"/static/front/img/room/1.jpg\" style=\"width: 100px;\" class=\"fr-fic fr-dib\"></p><p><img src=\"/static/front/img/room/2.jpeg\" style=\"width: 100px;\" class=\"fr-fic fr-dib\"></p><p><img src=\"/static/front/img/room/3.png\" style=\"width: 100px;\" class=\"fr-fic fr-dib\"></p><p><img src=\"/static/front/img/room/4.png\" style=\"width: 100px;\" class=\"fr-fic fr-dib\"></p><p><img src=\"/static/front/img/room/5.png\" style=\"width: 100px;\" class=\"fr-fic fr-dib\"></p><p><br></p>',1,3,1,100.00,10,6000,200,6000,1,'王维','13510998877'),(37,1,'<p>此房户型方正，采光好。周边配套齐全，交通方便。\n小区邻近三号线吉祥站，楼下公交站台林立。\n带全套家电。\n....</p>',1,'此房户型方正，采光好。周边配套齐全，交通方便。\n小区邻近三号线吉祥站，楼下公交站台林立。\n带全套家电。\n....','/static/front/img/room/1.jpg','华策中心城 三号线 吉祥站 恒大小区E4','2021-11-14 23:57:20','2022-03-10 00:33:58','admin','admin',0,'13栋2单元502室','/static/front/img/room/1.jpg,/static/front/img/room/2.jpeg,/static/front/img/room/3.png,/static/front/img/room/4.png,/static/front/img/room/5.png','<p><img src=\"/static/front/img/room/1.jpg\" style=\"width: 100px;\" class=\"fr-fic fr-dib\"></p><p><img src=\"/static/front/img/room/2.jpeg\" style=\"width: 100px;\" class=\"fr-fic fr-dib\"></p><p><img src=\"/static/front/img/room/3.png\" style=\"width: 100px;\" class=\"fr-fic fr-dib\"></p><p><img src=\"/static/front/img/room/4.png\" style=\"width: 100px;\" class=\"fr-fic fr-dib\"></p><p><img src=\"/static/front/img/room/5.png\" style=\"width: 100px;\" class=\"fr-fic fr-dib\"></p><p><br></p>',1,3,1,100.00,10,6000,200,6000,1,'王维','13510998877'),(38,1,'<p>哈哈哈哈哈</p>',0,'哈哈哈哈哈','/upload/2022/6/[I]@C`4SX01E{GMGJ}QA$XB.png','西安长安区','2022-06-02 12:09:12','2022-06-02 12:11:44','admin','admin',0,'华策中心城 三号线 吉祥站 花园小区','/upload/2022/6/%E8%BF%91%E6%9C%88%E5%B0%91%E5%A5%B3%E7%9A%84%E7%A4%BC%E4%BB%AA1.jpg,/upload/2022/6/近月少女的礼仪4.jpg','<p><img src=\"/upload/2022/6/%E8%BF%91%E6%9C%88%E5%B0%91%E5%A5%B3%E7%9A%84%E7%A4%BC%E4%BB%AA1.jpg\" style=\"width: 100px;\" class=\"fr-fic fr-dib\"><img src=\"/upload/2022/6/近月少女的礼仪4.jpg\" style=\"width: 100px;\" class=\"fr-fic fr-dib\"></p>',2,5,2,240.00,1,9000,300,1200,0,NULL,NULL),(39,1,'<p>哈哈哈</p>',0,'哈哈哈','/upload/2022/6/600x450c_(1).jpg','广州塔附近','2022-06-09 01:50:15','2022-06-09 01:51:29','admin','admin',0,'123','/upload/2022/6/1.jpg,/upload/2022/6/2.jpg,/upload/2022/6/3.jpg','<p><img src=\"/upload/2022/6/1.jpg\" style=\"width: 100px;\" class=\"fr-fic fr-dib\"></p><p><img src=\"/upload/2022/6/2.jpg\" style=\"width: 100px;\" class=\"fr-fic fr-dib\"></p><p><img src=\"/upload/2022/6/3.jpg\" style=\"width: 100px;\" class=\"fr-fic fr-dib\"></p>',3,4,2,500.00,12,9000,300,3000,0,NULL,NULL);
/*!40000 ALTER TABLE `post` ENABLE KEYS */;
UNLOCK TABLES;

--
-- Table structure for table `report`
--

DROP TABLE IF EXISTS `report`;
/*!40101 SET @saved_cs_client     = @@character_set_client */;
/*!50503 SET character_set_client = utf8mb4 */;
CREATE TABLE `report` (
  `id` bigint(20) unsigned NOT NULL AUTO_INCREMENT,
  `user_id` bigint(20) NOT NULL COMMENT '举报人id',
  `type` varchar(100) NOT NULL DEFAULT '1' COMMENT '举报类型',
  `content` varchar(100) DEFAULT NULL COMMENT '举报内容',
  `del_flag` int(11) NOT NULL DEFAULT 0,
  `create_by` varchar(20) DEFAULT NULL,
  `create_time` datetime NOT NULL DEFAULT current_timestamp() COMMENT '创建时间',
  `update_by` varchar(20) DEFAULT NULL,
  `update_time` datetime DEFAULT current_timestamp() ON UPDATE current_timestamp() COMMENT '更新时间',
  `post_id` bigint(20) DEFAULT NULL COMMENT '房屋id',
  `status` int(11) DEFAULT NULL COMMENT '状态：0等待审核，1审核通过，2不通过',
  PRIMARY KEY (`id`) USING BTREE
) ENGINE=InnoDB AUTO_INCREMENT=7 DEFAULT CHARSET=utf8mb4 COLLATE=utf8mb4_general_ci;
/*!40101 SET character_set_client = @saved_cs_client */;

--
-- Dumping data for table `report`
--

LOCK TABLES `report` WRITE;
/*!40000 ALTER TABLE `report` DISABLE KEYS */;
INSERT INTO `report` VALUES (3,1,'sss','ssss',1,NULL,'2022-06-02 21:57:12',NULL,'2022-06-09 02:06:47',1,1),(4,1,'涉及侵权','2222',1,'admin','2022-06-02 22:33:44','admin','2022-06-09 02:06:52',1,2),(5,2,'涉及诈骗','2222222222222',0,'zhangsan','2022-06-03 22:35:06','zhangsan','2022-06-09 02:07:00',5,1),(6,2,'虚假内容','虚假宣传虚假宣传虚假宣传....',0,'zhangsan','2022-06-03 22:36:12','zhangsan','2022-06-09 02:07:09',10,0);
/*!40000 ALTER TABLE `report` ENABLE KEYS */;
UNLOCK TABLES;

--
-- Table structure for table `role`
--

DROP TABLE IF EXISTS `role`;
/*!40101 SET @saved_cs_client     = @@character_set_client */;
/*!50503 SET character_set_client = utf8mb4 */;
CREATE TABLE `role` (
  `id` bigint(20) NOT NULL AUTO_INCREMENT,
  `role` varchar(100) NOT NULL,
  `description` varchar(255) DEFAULT NULL,
  `level` int(11) NOT NULL,
  `del_flag` int(11) DEFAULT 0,
  `create_by` varchar(20) DEFAULT NULL,
  `create_time` datetime DEFAULT current_timestamp() COMMENT '创建时间',
  `update_by` varchar(20) DEFAULT NULL,
  `update_time` datetime DEFAULT current_timestamp() ON UPDATE current_timestamp() COMMENT '创建时间',
  `is_register_default` int(11) NOT NULL DEFAULT 0,
  PRIMARY KEY (`id`) USING BTREE
) ENGINE=InnoDB AUTO_INCREMENT=6 DEFAULT CHARSET=utf8mb4 COLLATE=utf8mb4_general_ci;
/*!40101 SET character_set_client = @saved_cs_client */;

--
-- Dumping data for table `role`
--

LOCK TABLES `role` WRITE;
/*!40000 ALTER TABLE `role` DISABLE KEYS */;
INSERT INTO `role` VALUES (1,'admin','管理员',10,0,NULL,'2022-06-01 18:54:23',NULL,'2022-06-09 02:07:21',0),(3,'customer','租客',1,0,NULL,'2022-06-01 19:05:57',NULL,'2022-06-09 02:07:25',0),(4,'owner','房东',2,0,NULL,'2022-06-01 19:06:10',NULL,'2022-06-09 02:07:30',0),(5,'agency','中介',2,0,NULL,'2022-06-01 21:03:43',NULL,'2022-06-09 02:07:36',0);
/*!40000 ALTER TABLE `role` ENABLE KEYS */;
UNLOCK TABLES;

--
-- Table structure for table `role_permission_ref`
--

DROP TABLE IF EXISTS `role_permission_ref`;
/*!40101 SET @saved_cs_client     = @@character_set_client */;
/*!50503 SET character_set_client = utf8mb4 */;
CREATE TABLE `role_permission_ref` (
  `role_id` bigint(20) NOT NULL,
  `permission_id` bigint(20) NOT NULL,
  `del_flag` int(11) DEFAULT 0,
  `create_by` varchar(20) DEFAULT NULL,
  `create_time` datetime DEFAULT current_timestamp() COMMENT '创建时间',
  `update_by` varchar(20) DEFAULT NULL,
  `update_time` datetime DEFAULT current_timestamp() ON UPDATE current_timestamp() COMMENT '创建时间',
  `id` bigint(20) NOT NULL AUTO_INCREMENT,
  PRIMARY KEY (`id`) USING BTREE
) ENGINE=InnoDB AUTO_INCREMENT=2966 DEFAULT CHARSET=utf8mb4 COLLATE=utf8mb4_general_ci;
/*!40101 SET character_set_client = @saved_cs_client */;

--
-- Dumping data for table `role_permission_ref`
--

LOCK TABLES `role_permission_ref` WRITE;
/*!40000 ALTER TABLE `role_permission_ref` DISABLE KEYS */;
INSERT INTO `role_permission_ref` VALUES (2,1,0,NULL,'2020-12-06 15:21:39',NULL,'2020-12-06 15:21:39',2487),(2,106,0,NULL,'2020-12-06 15:21:39',NULL,'2020-12-06 15:21:39',2488),(2,169,0,NULL,'2020-12-06 15:21:39',NULL,'2020-12-06 15:21:39',2489),(2,6,0,NULL,'2020-12-06 15:21:39',NULL,'2020-12-06 15:21:39',2490),(2,171,0,NULL,'2020-12-06 15:21:39',NULL,'2020-12-06 15:21:39',2491),(2,140,0,NULL,'2020-12-06 15:21:39',NULL,'2020-12-06 15:21:39',2497),(2,141,0,NULL,'2020-12-06 15:21:39',NULL,'2020-12-06 15:21:39',2498),(2,142,0,NULL,'2020-12-06 15:21:39',NULL,'2020-12-06 15:21:39',2499),(2,144,0,NULL,'2020-12-06 15:21:39',NULL,'2020-12-06 15:21:39',2500),(2,145,0,NULL,'2020-12-06 15:21:39',NULL,'2020-12-06 15:21:39',2501),(2,132,0,NULL,'2020-12-06 15:21:39',NULL,'2020-12-06 15:21:39',2506),(2,143,0,NULL,'2020-12-06 15:21:39',NULL,'2020-12-06 15:21:39',2507),(2,146,0,NULL,'2020-12-06 15:21:39',NULL,'2020-12-06 15:21:39',2508),(2,120,0,NULL,'2020-12-06 15:21:39',NULL,'2020-12-06 15:21:39',2517),(2,200,0,NULL,'2020-12-06 15:21:39',NULL,'2020-12-06 15:21:39',2518),(2,82,0,NULL,'2020-12-06 15:21:39',NULL,'2020-12-06 15:21:39',2519),(2,83,0,NULL,'2020-12-06 15:21:39',NULL,'2020-12-06 15:21:39',2520),(4,1,0,NULL,'2021-03-16 19:36:44',NULL,'2021-03-16 19:36:44',2793),(4,106,0,NULL,'2021-03-16 19:36:44',NULL,'2021-03-16 19:36:44',2794),(4,169,0,NULL,'2021-03-16 19:36:44',NULL,'2021-03-16 19:36:44',2795),(4,171,0,NULL,'2021-03-16 19:36:44',NULL,'2021-03-16 19:36:44',2796),(4,6,0,NULL,'2021-03-16 19:36:44',NULL,'2021-03-16 19:36:44',2797),(4,308,0,NULL,'2021-03-16 19:36:44',NULL,'2021-03-16 19:36:44',2798),(4,140,0,NULL,'2021-03-16 19:36:44',NULL,'2021-03-16 19:36:44',2799),(4,141,0,NULL,'2021-03-16 19:36:44',NULL,'2021-03-16 19:36:44',2800),(4,142,0,NULL,'2021-03-16 19:36:44',NULL,'2021-03-16 19:36:44',2801),(4,144,0,NULL,'2021-03-16 19:36:44',NULL,'2021-03-16 19:36:44',2802),(4,145,0,NULL,'2021-03-16 19:36:44',NULL,'2021-03-16 19:36:44',2803),(4,132,0,NULL,'2021-03-16 19:36:44',NULL,'2021-03-16 19:36:44',2804),(4,143,0,NULL,'2021-03-16 19:36:44',NULL,'2021-03-16 19:36:44',2805),(4,146,0,NULL,'2021-03-16 19:36:44',NULL,'2021-03-16 19:36:44',2806),(4,318,0,NULL,'2021-03-16 19:36:44',NULL,'2021-03-16 19:36:44',2807),(4,319,0,NULL,'2021-03-16 19:36:44',NULL,'2021-03-16 19:36:44',2808),(4,320,0,NULL,'2021-03-16 19:36:44',NULL,'2021-03-16 19:36:44',2809),(4,321,0,NULL,'2021-03-16 19:36:44',NULL,'2021-03-16 19:36:44',2810),(4,322,0,NULL,'2021-03-16 19:36:44',NULL,'2021-03-16 19:36:44',2811),(4,323,0,NULL,'2021-03-16 19:36:44',NULL,'2021-03-16 19:36:44',2812),(4,324,0,NULL,'2021-03-16 19:36:44',NULL,'2021-03-16 19:36:44',2813),(4,325,0,NULL,'2021-03-16 19:36:44',NULL,'2021-03-16 19:36:44',2814),(4,327,0,NULL,'2021-03-16 19:36:44',NULL,'2021-03-16 19:36:44',2815),(4,120,0,NULL,'2021-03-16 19:36:44',NULL,'2021-03-16 19:36:44',2816),(4,200,0,NULL,'2021-03-16 19:36:44',NULL,'2021-03-16 19:36:44',2817),(4,82,0,NULL,'2021-03-16 19:36:44',NULL,'2021-03-16 19:36:44',2818),(4,83,0,NULL,'2021-03-16 19:36:44',NULL,'2021-03-16 19:36:44',2819),(3,1,0,NULL,'2021-03-16 19:37:04',NULL,'2021-03-16 19:37:04',2820),(3,106,0,NULL,'2021-03-16 19:37:04',NULL,'2021-03-16 19:37:04',2821),(3,169,0,NULL,'2021-03-16 19:37:04',NULL,'2021-03-16 19:37:04',2822),(3,171,0,NULL,'2021-03-16 19:37:04',NULL,'2021-03-16 19:37:04',2823),(3,6,0,NULL,'2021-03-16 19:37:04',NULL,'2021-03-16 19:37:04',2824),(3,318,0,NULL,'2021-03-16 19:37:04',NULL,'2021-03-16 19:37:04',2825),(3,319,0,NULL,'2021-03-16 19:37:04',NULL,'2021-03-16 19:37:04',2826),(3,320,0,NULL,'2021-03-16 19:37:04',NULL,'2021-03-16 19:37:04',2827),(3,321,0,NULL,'2021-03-16 19:37:04',NULL,'2021-03-16 19:37:04',2828),(3,322,0,NULL,'2021-03-16 19:37:04',NULL,'2021-03-16 19:37:04',2829),(3,323,0,NULL,'2021-03-16 19:37:04',NULL,'2021-03-16 19:37:04',2830),(3,324,0,NULL,'2021-03-16 19:37:04',NULL,'2021-03-16 19:37:04',2831),(3,325,0,NULL,'2021-03-16 19:37:04',NULL,'2021-03-16 19:37:04',2832),(3,326,0,NULL,'2021-03-16 19:37:04',NULL,'2021-03-16 19:37:04',2833),(3,327,0,NULL,'2021-03-16 19:37:04',NULL,'2021-03-16 19:37:04',2834),(3,120,0,NULL,'2021-03-16 19:37:04',NULL,'2021-03-16 19:37:04',2835),(3,200,0,NULL,'2021-03-16 19:37:04',NULL,'2021-03-16 19:37:04',2836),(3,82,0,NULL,'2021-03-16 19:37:04',NULL,'2021-03-16 19:37:04',2837),(3,83,0,NULL,'2021-03-16 19:37:04',NULL,'2021-03-16 19:37:04',2838),(1,1,1,NULL,'2021-03-16 19:39:13',NULL,'2022-03-18 21:56:06',2839),(1,106,1,NULL,'2021-03-16 19:39:13',NULL,'2022-03-18 21:56:06',2840),(1,169,1,NULL,'2021-03-16 19:39:13',NULL,'2022-03-18 21:56:06',2841),(1,171,1,NULL,'2021-03-16 19:39:13',NULL,'2022-03-18 21:56:06',2842),(1,6,1,NULL,'2021-03-16 19:39:13',NULL,'2022-03-18 21:56:06',2843),(1,308,1,NULL,'2021-03-16 19:39:13',NULL,'2022-03-18 21:56:06',2844),(1,140,1,NULL,'2021-03-16 19:39:13',NULL,'2022-03-18 21:56:06',2845),(1,141,1,NULL,'2021-03-16 19:39:13',NULL,'2022-03-18 21:56:06',2846),(1,142,1,NULL,'2021-03-16 19:39:13',NULL,'2022-03-18 21:56:06',2847),(1,144,1,NULL,'2021-03-16 19:39:13',NULL,'2022-03-18 21:56:06',2848),(1,145,1,NULL,'2021-03-16 19:39:13',NULL,'2022-03-18 21:56:06',2849),(1,132,1,NULL,'2021-03-16 19:39:13',NULL,'2022-03-18 21:56:06',2850),(1,143,1,NULL,'2021-03-16 19:39:13',NULL,'2022-03-18 21:56:06',2851),(1,146,1,NULL,'2021-03-16 19:39:13',NULL,'2022-03-18 21:56:06',2852),(1,137,1,NULL,'2021-03-16 19:39:13',NULL,'2022-03-18 21:56:06',2853),(1,147,1,NULL,'2021-03-16 19:39:13',NULL,'2022-03-18 21:56:06',2854),(1,148,1,NULL,'2021-03-16 19:39:13',NULL,'2022-03-18 21:56:06',2855),(1,149,1,NULL,'2021-03-16 19:39:13',NULL,'2022-03-18 21:56:06',2856),(1,318,1,NULL,'2021-03-16 19:39:13',NULL,'2022-03-18 21:56:06',2857),(1,327,1,NULL,'2021-03-16 19:39:13',NULL,'2022-03-18 21:56:06',2858),(1,312,1,NULL,'2021-03-16 19:39:13',NULL,'2022-03-18 21:56:06',2859),(1,313,1,NULL,'2021-03-16 19:39:13',NULL,'2022-03-18 21:56:06',2860),(1,314,1,NULL,'2021-03-16 19:39:13',NULL,'2022-03-18 21:56:06',2861),(1,315,1,NULL,'2021-03-16 19:39:13',NULL,'2022-03-18 21:56:06',2862),(1,316,1,NULL,'2021-03-16 19:39:13',NULL,'2022-03-18 21:56:06',2863),(1,70,1,NULL,'2021-03-16 19:39:13',NULL,'2022-03-18 21:56:06',2864),(1,317,1,NULL,'2021-03-16 19:39:13',NULL,'2022-03-18 21:56:06',2865),(1,73,1,NULL,'2021-03-16 19:39:13',NULL,'2022-03-18 21:56:06',2866),(1,74,1,NULL,'2021-03-16 19:39:13',NULL,'2022-03-18 21:56:06',2867),(1,75,1,NULL,'2021-03-16 19:39:13',NULL,'2022-03-18 21:56:06',2868),(1,76,1,NULL,'2021-03-16 19:39:13',NULL,'2022-03-18 21:56:06',2869),(1,120,1,NULL,'2021-03-16 19:39:13',NULL,'2022-03-18 21:56:06',2870),(1,200,1,NULL,'2021-03-16 19:39:13',NULL,'2022-03-18 21:56:06',2871),(1,82,1,NULL,'2021-03-16 19:39:13',NULL,'2022-03-18 21:56:06',2872),(1,83,1,NULL,'2021-03-16 19:39:13',NULL,'2022-03-18 21:56:06',2873),(1,91,1,NULL,'2021-03-16 19:39:13',NULL,'2022-03-18 21:56:06',2874),(1,127,1,NULL,'2021-03-16 19:39:13',NULL,'2022-03-18 21:56:06',2875),(1,111,1,NULL,'2021-03-16 19:39:13',NULL,'2022-03-18 21:56:06',2876),(1,92,1,NULL,'2021-03-16 19:39:13',NULL,'2022-03-18 21:56:06',2877),(1,93,1,NULL,'2021-03-16 19:39:13',NULL,'2022-03-18 21:56:06',2878),(1,94,1,NULL,'2021-03-16 19:39:13',NULL,'2022-03-18 21:56:06',2879),(1,95,1,NULL,'2021-03-16 19:39:13',NULL,'2022-03-18 21:56:06',2880),(1,128,1,NULL,'2021-03-16 19:39:13',NULL,'2022-03-18 21:56:06',2881),(1,110,1,NULL,'2021-03-16 19:39:13',NULL,'2022-03-18 21:56:06',2882),(1,96,1,NULL,'2021-03-16 19:39:13',NULL,'2022-03-18 21:56:06',2883),(1,97,1,NULL,'2021-03-16 19:39:13',NULL,'2022-03-18 21:56:06',2884),(1,98,1,NULL,'2021-03-16 19:39:13',NULL,'2022-03-18 21:56:06',2885),(5,1,0,NULL,'2021-11-13 21:03:43',NULL,'2021-11-13 21:03:43',2886),(5,106,0,NULL,'2021-11-13 21:03:43',NULL,'2021-11-13 21:03:43',2887),(5,169,0,NULL,'2021-11-13 21:03:43',NULL,'2021-11-13 21:03:43',2888),(5,171,0,NULL,'2021-11-13 21:03:43',NULL,'2021-11-13 21:03:43',2889),(5,6,0,NULL,'2021-11-13 21:03:43',NULL,'2021-11-13 21:03:43',2890),(5,308,0,NULL,'2021-11-13 21:03:43',NULL,'2021-11-13 21:03:43',2891),(5,140,0,NULL,'2021-11-13 21:03:43',NULL,'2021-11-13 21:03:43',2892),(5,141,0,NULL,'2021-11-13 21:03:43',NULL,'2021-11-13 21:03:43',2893),(5,142,0,NULL,'2021-11-13 21:03:43',NULL,'2021-11-13 21:03:43',2894),(5,144,0,NULL,'2021-11-13 21:03:43',NULL,'2021-11-13 21:03:43',2895),(5,145,0,NULL,'2021-11-13 21:03:43',NULL,'2021-11-13 21:03:43',2896),(5,132,0,NULL,'2021-11-13 21:03:43',NULL,'2021-11-13 21:03:43',2897),(5,143,0,NULL,'2021-11-13 21:03:43',NULL,'2021-11-13 21:03:43',2898),(5,146,0,NULL,'2021-11-13 21:03:43',NULL,'2021-11-13 21:03:43',2899),(5,318,0,NULL,'2021-11-13 21:03:43',NULL,'2021-11-13 21:03:43',2900),(5,319,0,NULL,'2021-11-13 21:03:43',NULL,'2021-11-13 21:03:43',2901),(5,320,0,NULL,'2021-11-13 21:03:43',NULL,'2021-11-13 21:03:43',2902),(5,321,0,NULL,'2021-11-13 21:03:43',NULL,'2021-11-13 21:03:43',2903),(5,322,0,NULL,'2021-11-13 21:03:43',NULL,'2021-11-13 21:03:43',2904),(5,323,0,NULL,'2021-11-13 21:03:43',NULL,'2021-11-13 21:03:43',2905),(5,324,0,NULL,'2021-11-13 21:03:43',NULL,'2021-11-13 21:03:43',2906),(5,325,0,NULL,'2021-11-13 21:03:43',NULL,'2021-11-13 21:03:43',2907),(5,327,0,NULL,'2021-11-13 21:03:43',NULL,'2021-11-13 21:03:43',2908),(5,120,0,NULL,'2021-11-13 21:03:43',NULL,'2021-11-13 21:03:43',2909),(5,200,0,NULL,'2021-11-13 21:03:43',NULL,'2021-11-13 21:03:43',2910),(5,82,0,NULL,'2021-11-13 21:03:43',NULL,'2021-11-13 21:03:43',2911),(5,83,0,NULL,'2021-11-13 21:03:43',NULL,'2021-11-13 21:03:43',2912),(1,1,0,NULL,'2022-03-18 21:56:06',NULL,'2022-03-18 21:56:06',2913),(1,106,0,NULL,'2022-03-18 21:56:06',NULL,'2022-03-18 21:56:06',2914),(1,169,0,NULL,'2022-03-18 21:56:06',NULL,'2022-03-18 21:56:06',2915),(1,171,0,NULL,'2022-03-18 21:56:06',NULL,'2022-03-18 21:56:06',2916),(1,6,0,NULL,'2022-03-18 21:56:06',NULL,'2022-03-18 21:56:06',2917),(1,308,0,NULL,'2022-03-18 21:56:06',NULL,'2022-03-18 21:56:06',2918),(1,140,0,NULL,'2022-03-18 21:56:06',NULL,'2022-03-18 21:56:06',2919),(1,141,0,NULL,'2022-03-18 21:56:06',NULL,'2022-03-18 21:56:06',2920),(1,142,0,NULL,'2022-03-18 21:56:06',NULL,'2022-03-18 21:56:06',2921),(1,144,0,NULL,'2022-03-18 21:56:06',NULL,'2022-03-18 21:56:06',2922),(1,145,0,NULL,'2022-03-18 21:56:06',NULL,'2022-03-18 21:56:06',2923),(1,132,0,NULL,'2022-03-18 21:56:06',NULL,'2022-03-18 21:56:06',2924),(1,143,0,NULL,'2022-03-18 21:56:06',NULL,'2022-03-18 21:56:06',2925),(1,146,0,NULL,'2022-03-18 21:56:06',NULL,'2022-03-18 21:56:06',2926),(1,137,0,NULL,'2022-03-18 21:56:06',NULL,'2022-03-18 21:56:06',2927),(1,147,0,NULL,'2022-03-18 21:56:06',NULL,'2022-03-18 21:56:06',2928),(1,148,0,NULL,'2022-03-18 21:56:06',NULL,'2022-03-18 21:56:06',2929),(1,149,0,NULL,'2022-03-18 21:56:06',NULL,'2022-03-18 21:56:06',2930),(1,318,0,NULL,'2022-03-18 21:56:06',NULL,'2022-03-18 21:56:06',2931),(1,328,0,NULL,'2022-03-18 21:56:06',NULL,'2022-03-18 21:56:06',2932),(1,329,0,NULL,'2022-03-18 21:56:06',NULL,'2022-03-18 21:56:06',2933),(1,330,0,NULL,'2022-03-18 21:56:06',NULL,'2022-03-18 21:56:06',2934),(1,331,0,NULL,'2022-03-18 21:56:06',NULL,'2022-03-18 21:56:06',2935),(1,327,0,NULL,'2022-03-18 21:56:06',NULL,'2022-03-18 21:56:06',2936),(1,312,0,NULL,'2022-03-18 21:56:06',NULL,'2022-03-18 21:56:06',2937),(1,313,0,NULL,'2022-03-18 21:56:06',NULL,'2022-03-18 21:56:06',2938),(1,314,0,NULL,'2022-03-18 21:56:06',NULL,'2022-03-18 21:56:06',2939),(1,315,0,NULL,'2022-03-18 21:56:06',NULL,'2022-03-18 21:56:06',2940),(1,316,0,NULL,'2022-03-18 21:56:06',NULL,'2022-03-18 21:56:06',2941),(1,70,0,NULL,'2022-03-18 21:56:06',NULL,'2022-03-18 21:56:06',2942),(1,317,0,NULL,'2022-03-18 21:56:06',NULL,'2022-03-18 21:56:06',2943),(1,73,0,NULL,'2022-03-18 21:56:06',NULL,'2022-03-18 21:56:06',2944),(1,74,0,NULL,'2022-03-18 21:56:06',NULL,'2022-03-18 21:56:06',2945),(1,75,0,NULL,'2022-03-18 21:56:06',NULL,'2022-03-18 21:56:06',2946),(1,76,0,NULL,'2022-03-18 21:56:06',NULL,'2022-03-18 21:56:06',2947),(1,120,0,NULL,'2022-03-18 21:56:06',NULL,'2022-03-18 21:56:06',2948),(1,200,0,NULL,'2022-03-18 21:56:06',NULL,'2022-03-18 21:56:06',2949),(1,82,0,NULL,'2022-03-18 21:56:06',NULL,'2022-03-18 21:56:06',2950),(1,83,0,NULL,'2022-03-18 21:56:06',NULL,'2022-03-18 21:56:06',2951),(1,91,0,NULL,'2022-03-18 21:56:06',NULL,'2022-03-18 21:56:06',2952),(1,127,0,NULL,'2022-03-18 21:56:06',NULL,'2022-03-18 21:56:06',2953),(1,111,0,NULL,'2022-03-18 21:56:06',NULL,'2022-03-18 21:56:06',2954),(1,92,0,NULL,'2022-03-18 21:56:06',NULL,'2022-03-18 21:56:06',2955),(1,93,0,NULL,'2022-03-18 21:56:06',NULL,'2022-03-18 21:56:06',2956),(1,94,0,NULL,'2022-03-18 21:56:06',NULL,'2022-03-18 21:56:06',2957),(1,95,0,NULL,'2022-03-18 21:56:06',NULL,'2022-03-18 21:56:06',2958),(1,128,0,NULL,'2022-03-18 21:56:06',NULL,'2022-03-18 21:56:06',2959),(1,110,0,NULL,'2022-03-18 21:56:06',NULL,'2022-03-18 21:56:06',2960),(1,96,0,NULL,'2022-03-18 21:56:06',NULL,'2022-03-18 21:56:06',2961),(1,97,0,NULL,'2022-03-18 21:56:06',NULL,'2022-03-18 21:56:06',2962),(1,98,0,NULL,'2022-03-18 21:56:06',NULL,'2022-03-18 21:56:06',2963),(1,332,0,NULL,'2023-06-14 06:47:03',NULL,'2023-06-14 06:47:03',2964),(1,333,0,NULL,'2023-06-14 06:47:03',NULL,'2023-06-14 06:47:03',2965);
/*!40000 ALTER TABLE `role_permission_ref` ENABLE KEYS */;
UNLOCK TABLES;

--
-- Table structure for table `t_order`
--

DROP TABLE IF EXISTS `t_order`;
/*!40101 SET @saved_cs_client     = @@character_set_client */;
/*!50503 SET character_set_client = utf8mb4 */;
CREATE TABLE `t_order` (
  `id` bigint(20) unsigned NOT NULL AUTO_INCREMENT COMMENT 'ID',
  `user_id` bigint(20) unsigned NOT NULL COMMENT '租客ID',
  `post_id` bigint(20) unsigned NOT NULL COMMENT '房子ID',
  `start_date` datetime NOT NULL COMMENT '入住日期',
  `end_date` datetime DEFAULT NULL COMMENT '正常退租日期',
  `status` int(11) NOT NULL COMMENT '状态',
  `create_time` datetime NOT NULL DEFAULT current_timestamp() COMMENT '创建时间',
  `update_time` datetime NOT NULL DEFAULT current_timestamp() ON UPDATE current_timestamp() COMMENT '更新时间',
  `create_by` varchar(255) DEFAULT 'admin' COMMENT '创建人',
  `update_by` varchar(255) DEFAULT 'admin' COMMENT '更新人',
  `del_flag` int(11) NOT NULL DEFAULT 0 COMMENT '删除标志',
  `owner_user_id` bigint(20) unsigned DEFAULT NULL COMMENT '房东ID',
  `off_lease_date` datetime DEFAULT NULL COMMENT '退租日期',
  `off_lease_price` decimal(10,2) DEFAULT NULL COMMENT '退租价格',
  `deposit` int(11) DEFAULT NULL COMMENT '押金',
  `day_price` int(11) NOT NULL COMMENT '日租金',
  `day_num` int(11) DEFAULT NULL COMMENT '租住天数',
  `total_amount` int(11) DEFAULT NULL COMMENT '总租金=租住天数x日租金',
  `off_lease_status` int(11) DEFAULT NULL COMMENT '退租状态',
  PRIMARY KEY (`id`) USING BTREE,
  KEY `fk_t_order_post_id` (`post_id`) USING BTREE,
  KEY `fk_t_order_user_id` (`user_id`) USING BTREE,
  KEY `fk_t_order_owner_user_id` (`owner_user_id`) USING BTREE,
  CONSTRAINT `fk_t_order_owner_user_id` FOREIGN KEY (`owner_user_id`) REFERENCES `user` (`id`) ON DELETE CASCADE ON UPDATE CASCADE,
  CONSTRAINT `fk_t_order_post_id` FOREIGN KEY (`post_id`) REFERENCES `post` (`id`) ON DELETE CASCADE ON UPDATE CASCADE,
  CONSTRAINT `fk_t_order_user_id` FOREIGN KEY (`user_id`) REFERENCES `user` (`id`) ON DELETE CASCADE ON UPDATE CASCADE
) ENGINE=InnoDB AUTO_INCREMENT=11 DEFAULT CHARSET=utf8mb4 COLLATE=utf8mb4_general_ci;
/*!40101 SET character_set_client = @saved_cs_client */;

--
-- Dumping data for table `t_order`
--

LOCK TABLES `t_order` WRITE;
/*!40000 ALTER TABLE `t_order` DISABLE KEYS */;
INSERT INTO `t_order` VALUES (1,9,2,'2022-06-01 21:37:37','2025-12-28 00:00:00',1,'2022-06-01 21:37:37','2022-06-09 02:10:38','admin','admin',0,5,'2022-06-01 22:08:12',349400.00,6000,200,1747,349400,-1),(2,2,1,'2022-06-01 22:21:47','2022-09-10 00:00:00',2,'2022-06-01 22:21:47','2023-06-14 06:53:20','admin','admin',0,5,'2022-06-02 00:34:35',108200.00,6000,200,542,108400,0),(3,2,11,'2022-06-02 22:22:28','2023-02-04 00:00:00',2,'2022-06-02 22:22:28','2023-06-14 06:53:21','admin','admin',0,5,NULL,NULL,6000,200,689,137800,NULL),(4,2,12,'2022-06-02 22:27:52','2022-08-01 00:00:00',2,'2022-06-02 22:27:52','2022-06-09 02:13:30','admin','admin',0,5,'2022-06-04 22:29:57',32600.00,6000,200,163,32600,1),(5,2,4,'2022-06-03 00:30:15','2022-08-05 00:00:00',2,'2022-06-03 00:30:15','2022-06-09 02:13:39','admin','admin',0,5,NULL,NULL,6000,200,30,6000,NULL),(6,2,35,'2022-06-03 11:42:36','2022-10-14 00:00:00',1,'2022-06-03 11:42:36','2022-06-09 02:13:48','admin','admin',0,10,NULL,NULL,6000,200,46,9200,NULL),(7,2,32,'2022-06-04 12:15:56','2022-07-31 00:00:00',1,'2022-06-04 12:15:56','2022-06-09 02:11:17','admin','admin',0,4,'2022-06-02 12:17:27',4582.00,2370,79,58,4582,0),(8,11,37,'2022-06-09 09:18:48','2022-08-09 00:00:00',1,'2022-06-09 09:18:48','2022-06-09 09:18:48','admin','admin',0,10,'2022-06-09 09:22:01',12000.00,6000,200,60,12000,0),(9,1,10,'2022-06-09 10:43:18','2022-07-21 00:00:00',2,'2022-06-09 10:43:18','2023-06-14 06:53:21','admin','admin',0,5,NULL,NULL,6000,200,41,8200,NULL),(10,1,5,'2022-06-09 11:33:13','2022-08-05 00:00:00',2,'2022-06-09 11:33:13','2023-06-14 06:53:21','admin','admin',0,5,NULL,NULL,6000,200,56,11200,NULL);
/*!40000 ALTER TABLE `t_order` ENABLE KEYS */;
UNLOCK TABLES;

--
-- Table structure for table `user`
--

DROP TABLE IF EXISTS `user`;
/*!40101 SET @saved_cs_client     = @@character_set_client */;
/*!50503 SET character_set_client = utf8mb4 */;
CREATE TABLE `user` (
  `id` bigint(20) unsigned NOT NULL AUTO_INCREMENT,
  `user_avatar` varchar(255) DEFAULT NULL,
  `user_desc` varchar(255) DEFAULT NULL,
  `user_display_name` varchar(255) DEFAULT NULL,
  `id_card` varchar(100) DEFAULT NULL,
  `user_name` varchar(100) DEFAULT NULL,
  `user_pass` varchar(255) DEFAULT NULL,
  `status` int(11) DEFAULT NULL,
  `create_time` datetime DEFAULT current_timestamp(),
  `update_time` datetime DEFAULT current_timestamp() ON UPDATE current_timestamp(),
  `create_by` varchar(255) DEFAULT 'admin',
  `update_by` varchar(255) DEFAULT 'admin',
  `del_flag` int(11) DEFAULT 0,
  `phone` varchar(20) DEFAULT NULL,
  `email` varchar(30) DEFAULT NULL,
  PRIMARY KEY (`id`) USING BTREE,
  FULLTEXT KEY `full_index` (`user_display_name`)
) ENGINE=InnoDB AUTO_INCREMENT=15 DEFAULT CHARSET=utf8mb4 COLLATE=utf8mb4_general_ci;
/*!40101 SET character_set_client = @saved_cs_client */;

--
-- Dumping data for table `user`
--

LOCK TABLES `user` WRITE;
/*!40000 ALTER TABLE `user` DISABLE KEYS */;
INSERT INTO `user` VALUES (1,'/upload/2023/6/image.png','人生得意须尽欢','管理员','123456789012345679','admin','a021a665f503979c06f50b8de66a4218',0,'2022-06-01 00:07:33','2022-06-09 08:32:46','admin','admin',0,'13512341234','847064@qq.com'),(2,'/static/images/avatar/4.jpeg','2222','张三','440116199905311516','zhangsan','a021a665f503979c06f50b8de66a4218',0,'2022-06-01 16:21:54','2022-06-09 08:32:51','admin','admin',0,'13512341232','abc3d@qq.com'),(3,'/static/images/avatar/35.jpeg','','李四','44018319990831945X','lisi','a021a665f503979c06f50b8de66a4218',0,'2022-06-01 16:23:08','2022-06-09 08:32:56','admin','admin',0,'13512341231','abc4d@qq.com'),(4,'/static/images/avatar/22.jpeg','','王五','440103199811305690','wangwu','a021a665f503979c06f50b8de66a4218',0,'2022-06-01 16:23:43','2022-06-09 08:33:15','admin','admin',0,'13512341230','abc1@qq.com'),(5,'/upload/2022/6/1.jpg','','马芸','440114198909301078','mayun','a021a665f503979c06f50b8de66a4218',0,'2022-06-01 16:24:33','2022-06-09 08:33:08','admin','admin',0,'13512341238','abc2d@qq.com'),(6,'/static/images/avatar/7.jpeg','22','saysky22','123123123123120','saysky22','3bf5efa64c8ece7367d6b6139c28cb8c',0,'2022-06-02 14:10:30','2022-06-09 08:33:23','admin','admin',0,'13512341238','saysky22@qq.com'),(7,'/static/images/avatar/30.jpeg','1111','111','123123123123129','11111111111','33d90dbaf32fef660bb8967c8a2b1e9f',0,'2022-06-02 14:12:45','2022-06-09 08:33:30','admin','admin',0,'15779216424','111'),(8,'/static/images/avatar/24.jpeg',NULL,'韩信','123123123122128','hanxin','a021a665f503979c06f50b8de66a4218',0,'2022-06-02 21:28:46','2022-06-09 08:33:36','admin','admin',0,NULL,NULL),(9,'/static/images/avatar/30.jpeg','','刘邦','123123123122188','liubang','a021a665f503979c06f50b8de66a4218',0,'2022-06-02 21:30:55','2022-06-09 08:33:40','admin','admin',0,'',''),(10,'/static/images/avatar/3.jpeg','','中介小明','123123123122199','xiaoming','a021a665f503979c06f50b8de66a4218',0,'2022-06-03 10:56:17','2022-06-09 08:33:47','admin','admin',0,'15812345432','xiaoming@qq.com'),(11,'/upload/2022/6/近月少女的礼仪1.jpg','时来天地皆同力','关昌隆','123456789101112','guanchanglong','a021a665f503979c06f50b8de66a4218',0,'2022-06-09 01:43:06','2022-06-09 01:43:06','admin','admin',0,'18277480895','506921079@qq.com'),(12,'/static/images/avatar/30.jpeg','','张磊','123456789101113','zhanglei','a021a665f503979c06f50b8de66a4218',0,'2022-06-09 01:45:42','2022-06-09 01:45:42','admin','admin',0,'1245678','1234567@qq.com'),(13,'/static/images/avatar/37.jpeg','','梁博森','123456789101114','liangbosen','a021a665f503979c06f50b8de66a4218',0,'2022-06-09 01:52:48','2022-06-09 01:52:48','admin','admin',0,'1235678','1234567@qq.com'),(14,'/static/images/avatar/11.jpeg','11','wjw','112233344444444','www','a021a665f503979c06f50b8de66a4218',0,'2022-06-09 11:36:31','2022-06-09 11:36:31','admin','admin',0,'18277480895','506921079@qq.com');
/*!40000 ALTER TABLE `user` ENABLE KEYS */;
UNLOCK TABLES;

--
-- Table structure for table `user_role_ref`
--

DROP TABLE IF EXISTS `user_role_ref`;
/*!40101 SET @saved_cs_client     = @@character_set_client */;
/*!50503 SET character_set_client = utf8mb4 */;
CREATE TABLE `user_role_ref` (
  `user_id` bigint(20) NOT NULL,
  `role_id` bigint(20) NOT NULL,
  `del_flag` int(11) DEFAULT 0,
  `create_by` varchar(20) DEFAULT NULL,
  `create_time` datetime DEFAULT current_timestamp() COMMENT '创建时间',
  `update_by` varchar(20) DEFAULT NULL,
  `update_time` datetime DEFAULT current_timestamp() ON UPDATE current_timestamp() COMMENT '创建时间',
  `id` bigint(20) NOT NULL AUTO_INCREMENT,
  PRIMARY KEY (`id`) USING BTREE
) ENGINE=InnoDB AUTO_INCREMENT=53 DEFAULT CHARSET=utf8mb4 COLLATE=utf8mb4_general_ci;
/*!40101 SET character_set_client = @saved_cs_client */;

--
-- Dumping data for table `user_role_ref`
--

LOCK TABLES `user_role_ref` WRITE;
/*!40000 ALTER TABLE `user_role_ref` DISABLE KEYS */;
INSERT INTO `user_role_ref` VALUES (1,1,0,NULL,'2020-02-08 13:56:55',NULL,'2020-02-08 13:56:55',4),(10,2,0,NULL,'2020-03-11 21:38:51',NULL,'2020-03-11 21:38:51',14),(11,2,0,NULL,'2020-03-11 21:40:54',NULL,'2020-03-11 21:40:54',15),(12,2,0,NULL,'2020-03-11 21:41:56',NULL,'2020-03-11 21:41:56',16),(13,2,0,NULL,'2020-03-11 21:42:51',NULL,'2020-03-11 21:42:51',17),(14,2,1,NULL,'2020-03-11 21:44:44',NULL,'2022-06-09 11:36:31',18),(16,2,0,NULL,'2020-03-12 18:18:57',NULL,'2020-03-12 18:18:57',19),(17,2,0,NULL,'2020-04-05 23:18:01',NULL,'2020-04-05 23:18:01',20),(19,2,0,NULL,'2020-04-07 00:28:15',NULL,'2020-04-07 00:28:15',24),(20,2,0,NULL,'2020-04-08 00:44:44',NULL,'2020-04-08 00:44:44',25),(21,2,0,NULL,'2020-05-10 13:22:12',NULL,'2020-12-05 18:53:29',26),(24,2,0,NULL,'2020-10-17 15:11:14',NULL,'2020-12-05 18:53:29',29),(7,3,0,NULL,'2021-03-16 19:32:14',NULL,'2021-03-16 19:32:14',39),(6,3,0,NULL,'2021-03-16 19:32:32',NULL,'2021-03-16 19:32:32',40),(4,3,0,NULL,'2021-03-16 19:32:58',NULL,'2021-03-16 19:32:58',42),(3,3,0,NULL,'2021-03-16 19:33:07',NULL,'2021-03-16 19:33:07',43),(2,3,0,NULL,'2021-03-16 19:33:15',NULL,'2021-03-16 19:33:15',44),(8,4,0,NULL,'2021-03-16 21:28:46',NULL,'2021-03-16 21:28:46',45),(9,3,0,NULL,'2021-03-16 21:30:55',NULL,'2021-03-16 21:30:55',46),(5,4,0,NULL,'2021-03-16 22:17:41',NULL,'2021-03-16 22:17:41',47),(10,5,0,NULL,'2021-11-14 10:56:17',NULL,'2021-11-14 10:56:17',48),(11,3,0,NULL,'2022-06-09 01:43:06',NULL,'2022-06-09 01:43:06',49),(12,4,0,NULL,'2022-06-09 01:45:42',NULL,'2022-06-09 01:45:42',50),(13,5,0,NULL,'2022-06-09 01:52:48',NULL,'2022-06-09 01:52:48',51),(14,1,0,NULL,'2022-06-09 11:36:31',NULL,'2022-06-09 11:36:31',52);
/*!40000 ALTER TABLE `user_role_ref` ENABLE KEYS */;
UNLOCK TABLES;
/*!40103 SET TIME_ZONE=@OLD_TIME_ZONE */;

/*!40101 SET SQL_MODE=@OLD_SQL_MODE */;
/*!40014 SET FOREIGN_KEY_CHECKS=@OLD_FOREIGN_KEY_CHECKS */;
/*!40014 SET UNIQUE_CHECKS=@OLD_UNIQUE_CHECKS */;
/*!40101 SET CHARACTER_SET_CLIENT=@OLD_CHARACTER_SET_CLIENT */;
/*!40101 SET CHARACTER_SET_RESULTS=@OLD_CHARACTER_SET_RESULTS */;
/*!40101 SET COLLATION_CONNECTION=@OLD_COLLATION_CONNECTION */;
/*!40111 SET SQL_NOTES=@OLD_SQL_NOTES */;

-- Dump completed on 2023-06-14 16:55:27
